hospital_id,name,city,state,country,latitude,longitude,specialties,emergency_level,trauma_center_level,icu_available,ventilators_available,blood_bank_available,beds_total,beds_occupied,occupancy_rate,waiting_time_estimate_minutes,current_emergency_load,ambulance_capacity,response_time_avg_minutes,surge_status,road_accessibility,public_transport_access,average_travel_time_minutes,hospital_website_url,data_source,last_updated,confidence_score,news_mentions_last_30_days,outbreak_risk_area,calculated_occupancy
HOSP-USA-00001,NewYork-Presbyterian Hospital,New York,New York,USA,40.7652,-73.9554,"Emergency Medicine, Ophthalmology, Cardiology, Orthopedics, Gynecology, Radiology, Dermatology, Obstetrics, Oncology, Surgery, Pediatrics, Internal Medicine, Anesthesiology",critical,Level 1,True,166,True,2600,1768,68.0,28,low,17,25,normal,6,8,37,https://www.nyp.org,Public Hospital Directories,2026-04-25T21:36:27.981158,0.95,1,low,68.0
HOSP-USA-00002,Mount Sinai Hospital,New York,New York,USA,40.7903,-73.9521,"Psychiatry, Emergency Medicine, Gynecology, Internal Medicine, Radiology",high,Level 1,True,165,True,1134,950,83.77,56,medium,7,20,normal,8,8,26,https://www.mountsinai.org,Public Hospital Directories,2026-04-25T16:36:27.981273,0.95,0,high,83.77
HOSP-USA-00003,NYU Langone Health,New York,New York,USA,40.7424,-73.973,"Dermatology, Orthopedics, Cardiology, Surgery",high,Level 3,True,71,True,830,605,72.89,7,low,5,9,normal,7,6,15,https://nyulangone.org,Public Hospital Directories,2026-04-24T22:36:27.981358,0.95,0,medium,72.89
HOSP-USA-00004,Lenox Hill Hospital,New York,New York,USA,40.7685,-73.9594,"Surgery, Pediatrics, Obstetrics",high,Level 1,True,93,True,652,488,74.85,66,high,4,25,normal,7,5,39,https://lenoxhill.northwell.edu,Public Hospital Directories,2026-04-25T01:36:27.981438,0.95,2,low,74.85
HOSP-USA-00005,Bellevue Hospital Center,New York,New York,USA,40.739,-73.9756,"Surgery, Obstetrics, Internal Medicine, Neurology",medium,Level 2,True,64,True,844,600,71.09,56,medium,5,18,normal,7,9,41,https://www.nychhc.org/bellevue,Public Hospital Directories,2026-04-24T10:36:27.981517,0.95,0,low,71.09
HOSP-USA-00006,Cedars-Sinai Medical Center,Los Angeles,California,USA,34.0755,-118.377,"Dermatology, Cardiology, Neurology, Obstetrics",high,Level 3,True,79,True,886,638,72.01,28,medium,5,24,normal,9,4,13,https://www.cedars-sinai.org,Public Hospital Directories,2026-04-24T07:36:27.981645,0.95,0,medium,72.01
HOSP-USA-00007,UCLA Medical Center,Los Angeles,California,USA,34.0652,-118.4451,"Cardiology, Pediatrics, Surgery",high,Level 2,True,39,True,520,392,75.38,46,medium,3,11,normal,10,6,31,https://www.uclahealth.org,Public Hospital Directories,2026-04-23T23:36:27.981748,0.95,0,low,75.38
HOSP-USA-00008,USC Keck Hospital,Los Angeles,California,USA,34.0617,-118.2081,"Oncology, Psychiatry, Neurology",medium,Level 2,True,56,True,401,289,72.07,83,high,2,24,normal,10,5,19,https://www.keckmedicine.org,Public Hospital Directories,2026-04-24T12:36:27.981827,0.95,1,medium,72.07
HOSP-USA-00009,Providence Saint John's Health Center,Los Angeles,California,USA,34.031,-118.4985,"Gynecology, Internal Medicine, Cardiology",medium,Level 2,True,22,True,266,215,80.83,168,critical,2,15,normal,10,4,15,https://www.providence.org/stjohns,Public Hospital Directories,2026-04-25T13:36:27.981908,0.95,8,low,80.83
HOSP-CAN-00010,Toronto General Hospital,Toronto,Ontario,Canada,43.6591,-79.3883,"Surgery, Obstetrics, Dermatology",high,Level 2,True,48,True,471,390,82.8,72,high,3,25,alert,7,9,29,https://www.uhn.ca,Public Hospital Directories,2026-04-24T17:36:27.981989,0.95,1,medium,82.8
HOSP-CAN-00011,Mount Sinai Hospital Toronto,Toronto,Ontario,Canada,43.6556,-79.3889,"Ophthalmology, Emergency Medicine, Oncology",medium,Level 2,True,46,True,443,317,71.56,20,medium,2,10,normal,6,5,14,https://www.sinaihealth.ca,Public Hospital Directories,2026-04-24T03:36:27.982066,0.95,0,low,71.56
HOSP-CAN-00012,Sunnybrook Health Sciences Centre,Toronto,Ontario,Canada,43.7236,-79.3775,"Obstetrics, Surgery, Oncology, Dermatology, Gynecology, Internal Medicine",high,Level 2,True,139,True,1300,920,70.77,50,medium,8,21,normal,7,4,16,https://sunnybrook.ca,Public Hospital Directories,2026-04-24T04:36:27.982146,0.95,3,low,70.77
HOSP-CAN-00013,St. Michael's Hospital,Toronto,Ontario,Canada,43.6544,-79.3774,"Neurology, Pediatrics, Internal Medicine",medium,Level 2,True,63,True,467,315,67.45,32,medium,3,25,normal,9,5,37,https://www.unityhealth.to,Public Hospital Directories,2026-04-24T17:36:27.982223,0.95,0,high,67.45
HOSP-UNI-00014,St Thomas' Hospital,London,England,United Kingdom,51.4982,-0.1188,"Internal Medicine, Orthopedics, Surgery, Emergency Medicine",high,Level 2,True,43,True,840,568,67.62,29,low,5,15,normal,7,7,41,https://www.guysandstthomas.nhs.uk,Public Hospital Directories,2026-04-24T21:36:27.982299,0.95,0,low,67.62
HOSP-UNI-00015,Guy's Hospital,London,England,United Kingdom,51.5033,-0.0872,"Anesthesiology, Gynecology, Radiology",critical,Level 1,True,86,True,726,653,89.94,232,high,4,23,normal,8,5,13,https://www.guysandstthomas.nhs.uk,Public Hospital Directories,2026-04-25T18:36:27.982375,0.95,0,low,89.94
HOSP-UNI-00016,Royal London Hospital,London,England,United Kingdom,51.5176,-0.0595,"Surgery, Cardiology, Anesthesiology",critical,Level 2,True,35,True,645,502,77.83,68,medium,4,10,normal,10,4,25,https://www.bartshealth.nhs.uk,Public Hospital Directories,2026-04-24T06:36:27.982449,0.95,0,low,77.83
HOSP-UNI-00017,University College Hospital,London,England,United Kingdom,51.5246,-0.134,"Obstetrics, Ophthalmology, Pediatrics",high,Level 2,True,95,True,665,507,76.24,85,medium,4,15,normal,8,7,18,https://www.uclh.nhs.uk,Public Hospital Directories,2026-04-25T17:36:27.982522,0.95,1,high,76.24
HOSP-UNI-00018,King's College Hospital,London,England,United Kingdom,51.4682,-0.094,"Oncology, Pediatrics, Neurology, Internal Medicine",critical,Level 3,True,51,True,900,696,77.33,78,medium,6,12,normal,8,4,25,https://www.kch.nhs.uk,Public Hospital Directories,2026-04-24T06:36:27.982599,0.95,3,medium,77.33
HOSP-FRA-00019,Hôpital Pitié-Salpêtrière,Paris,Île-de-France,France,48.8389,2.3629,"Neurology, Pediatrics, Dermatology, Anesthesiology, Orthopedics, Oncology, Obstetrics, Psychiatry",critical,Level 1,True,243,True,1700,1347,79.24,62,low,11,16,normal,6,4,45,https://pitiesalpetriere.aphp.fr,Public Hospital Directories,2026-04-25T18:36:27.982675,0.95,1,low,79.24
HOSP-FRA-00020,Hôpital Européen Georges-Pompidou,Paris,Île-de-France,France,48.8406,2.2769,"Radiology, Emergency Medicine, Cardiology, Psychiatry",critical,Level 1,True,72,True,875,718,82.06,78,low,5,13,alert,10,9,37,https://hopital-georgespompidou.aphp.fr,Public Hospital Directories,2026-04-25T12:36:27.982752,0.95,5,medium,82.06
HOSP-FRA-00021,Hôpital Cochin,Paris,Île-de-France,France,48.8382,2.3381,"Obstetrics, Cardiology, Oncology",high,Level 2,True,60,True,650,428,65.85,16,low,4,9,normal,8,5,25,https://hopital-cochin.aphp.fr,Public Hospital Directories,2026-04-24T19:36:27.982827,0.95,3,medium,65.85
HOSP-FRA-00022,Hôpital Necker-Enfants Malades,Paris,Île-de-France,France,48.8467,2.3116,"Pediatrics, Neurology, Psychiatry",critical,Level 1,True,42,True,648,552,85.19,135,high,4,21,normal,8,7,25,https://hopital-necker.aphp.fr,Public Hospital Directories,2026-04-25T19:36:27.982903,0.95,2,low,85.19
HOSP-GER-00023,Charité – Universitätsmedizin Berlin,Berlin,Berlin,Germany,52.5254,13.377,"Surgery, Oncology, Pediatrics, Cardiology, Psychiatry, Dermatology, Radiology, Ophthalmology, Anesthesiology, Obstetrics, Neurology, Emergency Medicine, Orthopedics, Gynecology, Internal Medicine",critical,Level 1,True,241,True,3000,2130,71.0,74,high,20,15,normal,6,9,22,https://www.charite.de,Public Hospital Directories,2026-04-25T19:36:27.982981,0.95,2,high,71.0
HOSP-GER-00024,Vivantes Klinikum Neukölln,Berlin,Berlin,Germany,52.4544,13.4397,"Gynecology, Surgery, Emergency Medicine, Radiology",high,Level 2,True,90,True,970,786,81.03,119,critical,6,20,alert,7,6,12,https://www.vivantes.de,Public Hospital Directories,2026-04-23T23:36:27.983069,0.95,5,low,81.03
HOSP-GER-00025,DRK Kliniken Berlin,Berlin,Berlin,Germany,52.4519,13.335,"Obstetrics, Surgery, Oncology",medium,Level 3,True,60,True,420,356,84.76,170,critical,2,11,alert,8,8,29,https://www.drk-kliniken-berlin.de,Public Hospital Directories,2026-04-25T13:36:27.983146,0.95,1,low,84.76
HOSP-SPA-00026,Hospital Universitario La Paz,Madrid,Madrid,Spain,40.479,-3.6891,"Pediatrics, Orthopedics, Surgery, Anesthesiology, Gynecology, Oncology",critical,Level 1,True,190,True,1360,1038,76.32,83,high,9,20,normal,10,4,29,https://www.comunidad.madrid/hospital/lapaz,Public Hospital Directories,2026-04-25T08:36:27.983221,0.95,1,low,76.32
HOSP-SPA-00027,Hospital Universitario 12 de Octubre,Madrid,Madrid,Spain,40.3749,-3.7048,"Orthopedics, Psychiatry, Ophthalmology, Neurology, Emergency Medicine, Obstetrics",critical,Level 2,True,91,True,1365,1061,77.73,110,low,9,18,normal,6,5,29,https://www.comunidad.madrid/hospital/12octubre,Public Hospital Directories,2026-04-25T17:36:27.983297,0.95,0,low,77.73
HOSP-SPA-00028,Hospital Universitario Ramón y Cajal,Madrid,Madrid,Spain,40.4928,-3.6527,"Orthopedics, Neurology, Psychiatry, Gynecology",high,Level 1,True,114,True,955,727,76.13,76,medium,6,12,normal,6,4,37,https://www.comunidad.madrid/hospital/ramonycajal,Public Hospital Directories,2026-04-25T06:36:27.983372,0.95,1,low,76.13
HOSP-SPA-00029,Hospital Clínico San Carlos,Madrid,Madrid,Spain,40.4366,-3.724,"Ophthalmology, Neurology, Gynecology, Internal Medicine",critical,Level 2,True,144,True,970,750,77.32,101,medium,6,24,normal,9,8,38,https://www.comunidad.madrid/hospital/clinicosancarlos,Public Hospital Directories,2026-04-24T05:36:27.983447,0.95,1,medium,77.32
HOSP-JAP-00030,The University of Tokyo Hospital,Tokyo,Tokyo,Japan,35.7138,139.7622,"Neurology, Ophthalmology, Orthopedics, Surgery, Dermatology, Psychiatry",critical,Level 1,True,94,True,1217,1042,85.62,163,low,8,15,normal,8,8,15,https://www.h.u-tokyo.ac.jp/english,Public Hospital Directories,2026-04-24T11:36:27.983539,0.95,0,low,85.62
HOSP-JAP-00031,Keio University Hospital,Tokyo,Tokyo,Japan,35.6811,139.723,"Pediatrics, Psychiatry, Surgery, Dermatology, Radiology",high,Level 1,True,146,True,1044,795,76.15,47,medium,6,20,normal,9,4,32,https://www.hosp.keio.ac.jp/english,Public Hospital Directories,2026-04-24T07:36:27.983615,0.95,2,low,76.15
HOSP-JAP-00032,Tokyo Medical University Hospital,Tokyo,Tokyo,Japan,35.692,139.7149,"Emergency Medicine, Surgery, Anesthesiology, Psychiatry, Obstetrics",high,Level 1,True,90,True,1015,793,78.13,96,high,6,13,normal,9,5,44,https://hospital.tokyo-med.ac.jp,Public Hospital Directories,2026-04-25T13:36:27.983689,0.95,0,medium,78.13
HOSP-JAP-00033,St. Luke's International Hospital,Tokyo,Tokyo,Japan,35.6699,139.7782,"Internal Medicine, Emergency Medicine, Gynecology",high,Level 2,True,49,True,520,363,69.81,44,medium,3,16,normal,9,6,15,https://hospital.luke.ac.jp/eng,Public Hospital Directories,2026-04-24T23:36:27.983762,0.95,1,high,69.81
HOSP-IND-00034,Tata Memorial Hospital,Mumbai,Maharashtra,India,19.0074,72.8392,"Obstetrics, Cardiology, Anesthesiology",critical,Level 2,True,78,True,629,519,82.51,141,critical,4,8,alert,7,5,40,https://tmc.gov.in,Public Hospital Directories,2026-04-25T05:36:27.983838,0.95,5,low,82.51
HOSP-IND-00035,Lilavati Hospital,Mumbai,Maharashtra,India,19.0589,72.8318,"Anesthesiology, Obstetrics, Surgery",high,Level 3,True,20,True,332,230,69.28,84,high,2,11,normal,10,4,29,https://www.lilavatihospital.com,Public Hospital Directories,2026-04-25T17:36:27.983913,0.95,1,medium,69.28
HOSP-IND-00036,Breach Candy Hospital,Mumbai,Maharashtra,India,18.9753,72.8054,"Cardiology, Radiology, Obstetrics",medium,Level 4,True,23,True,185,154,83.24,60,high,2,9,normal,9,9,33,https://www.breachcandyhospital.org,Public Hospital Directories,2026-04-24T14:36:27.983989,0.95,1,medium,83.24
HOSP-IND-00037,Sir HN Reliance Foundation Hospital,Mumbai,Maharashtra,India,19.0019,72.8337,"Psychiatry, Internal Medicine, Dermatology",medium,None,True,33,True,345,264,76.52,67,low,2,24,normal,8,8,44,https://www.rfhospital.org,Public Hospital Directories,2026-04-25T04:36:27.984063,0.95,1,medium,76.52
HOSP-SIN-00038,Singapore General Hospital,Singapore,Singapore,Singapore,1.2797,103.8358,"Internal Medicine, Orthopedics, Oncology, Pediatrics, Psychiatry, Gynecology, Anesthesiology, Emergency Medicine",critical,Level 1,True,246,True,1785,1570,87.96,208,medium,11,20,normal,9,6,21,https://www.sgh.com.sg,Public Hospital Directories,2026-04-25T06:36:27.984140,0.95,1,low,87.96
HOSP-SIN-00039,National University Hospital,Singapore,Singapore,Singapore,1.2935,103.7834,"Surgery, Gynecology, Orthopedics, Pediatrics, Obstetrics, Anesthesiology",critical,Level 1,True,117,True,1200,911,75.92,102,high,8,8,normal,6,6,24,https://www.nuh.com.sg,Public Hospital Directories,2026-04-24T23:36:27.984215,0.95,1,low,75.92
HOSP-SIN-00040,Tan Tock Seng Hospital,Singapore,Singapore,Singapore,1.321,103.8456,"Psychiatry, Gynecology, Neurology, Orthopedics, Dermatology, Internal Medicine, Pediatrics, Radiology",critical,Level 1,True,152,True,1600,1470,91.88,149,medium,10,11,overload,8,4,44,https://www.ttsh.com.sg,Public Hospital Directories,2026-04-25T03:36:27.984294,0.95,12,medium,91.88
HOSP-SIN-00041,Mount Elizabeth Hospital,Singapore,Singapore,Singapore,1.3054,103.8358,"Obstetrics, Dermatology, Psychiatry",medium,Level 3,True,21,True,345,257,74.49,6,low,2,25,normal,8,9,18,https://www.mountelizabeth.com.sg,Public Hospital Directories,2026-04-24T09:36:27.984369,0.95,1,medium,74.49
HOSP-AUS-00042,Royal Prince Alfred Hospital,Sydney,New South Wales,Australia,-33.8882,151.1827,"Cardiology, Anesthesiology, Obstetrics, Psychiatry",high,Level 1,True,44,True,800,621,77.62,212,critical,5,11,normal,6,7,41,https://www.slhd.nsw.gov.au/rpa,Public Hospital Directories,2026-04-24T09:36:27.984444,0.95,0,low,77.62
HOSP-AUS-00043,St Vincent's Hospital Sydney,Sydney,New South Wales,Australia,-33.8794,151.2221,"Ophthalmology, Internal Medicine, Pediatrics",high,Level 2,True,52,True,576,387,67.19,59,medium,3,15,normal,10,7,38,https://www.svha.org.au,Public Hospital Directories,2026-04-25T02:36:27.984519,0.95,3,high,67.19
HOSP-AUS-00044,Westmead Hospital,Sydney,New South Wales,Australia,-33.8074,150.9877,"Radiology, Cardiology, Neurology, Emergency Medicine",high,Level 2,True,141,True,975,797,81.74,72,medium,6,16,alert,7,5,21,https://www.wslhd.health.nsw.gov.au/Westmead-Hospital,Public Hospital Directories,2026-04-24T15:36:27.984594,0.95,1,medium,81.74
HOSP-AUS-00045,Prince of Wales Hospital,Sydney,New South Wales,Australia,-33.9177,151.2412,"Surgery, Cardiology, Radiology",medium,Level 2,True,61,True,450,296,65.78,12,low,3,16,normal,10,9,22,https://www.seslhd.health.nsw.gov.au/prince-of-wales-hospital,Public Hospital Directories,2026-04-25T04:36:27.984669,0.95,0,low,65.78
HOSP-BRA-00046,Hospital das Clínicas FMUSP,São Paulo,São Paulo,Brazil,-23.5559,-46.6715,"Gynecology, Surgery, Pediatrics, Radiology, Ophthalmology, Internal Medicine, Anesthesiology, Cardiology, Psychiatry, Emergency Medicine, Orthopedics",high,Level 1,True,274,True,2200,1472,66.91,38,medium,14,22,normal,6,7,29,https://www.hc.fm.usp.br,Public Hospital Directories,2026-04-25T20:36:27.984745,0.95,2,medium,66.91
HOSP-BRA-00047,Hospital Sírio-Libanês,São Paulo,São Paulo,Brazil,-23.5647,-46.6602,"Internal Medicine, Radiology, Obstetrics",high,None,True,31,True,286,203,70.98,29,low,2,16,normal,10,4,21,https://www.hospitalsiriolibanes.org.br,Public Hospital Directories,2026-04-24T08:36:27.984819,0.95,1,low,70.98
HOSP-BRA-00048,Hospital Albert Einstein,São Paulo,São Paulo,Brazil,-23.5987,-46.7145,"Dermatology, Psychiatry, Radiology",high,Level 1,True,53,True,627,515,82.14,58,medium,4,13,normal,9,6,35,https://www.einstein.br,Public Hospital Directories,2026-04-25T05:36:27.984994,0.95,0,low,82.14
HOSP-BRA-00049,Hospital Alemão Oswaldo Cruz,São Paulo,São Paulo,Brazil,-23.551,-46.6645,"Radiology, Oncology, Anesthesiology",high,None,True,34,True,260,177,68.08,22,low,2,22,normal,9,4,22,https://www.hospitaloswaldocruz.org.br,Public Hospital Directories,2026-04-25T18:36:27.985078,0.95,3,medium,68.08
HOSP-SOU-00050,Charlotte Maxeke Johannesburg Academic Hospital,Johannesburg,Gauteng,South Africa,-26.187,28.0311,"Emergency Medicine, Radiology, Surgery, Cardiology, Orthopedics",high,Level 1,True,150,True,1088,785,72.15,21,medium,7,15,normal,7,6,45,https://www.jhb-academic.org.za,Public Hospital Directories,2026-04-24T16:36:27.985154,0.95,20,high,72.15
HOSP-SOU-00051,Netcare Milpark Hospital,Johannesburg,Gauteng,South Africa,-26.1834,28.0138,"Neurology, Surgery, Orthopedics",medium,None,True,33,True,426,351,82.39,98,high,2,23,alert,7,7,45,https://www.netcare.co.za,Public Hospital Directories,2026-04-25T13:36:27.985231,0.95,5,low,82.39
HOSP-SOU-00052,Life Fourways Hospital,Johannesburg,Gauteng,South Africa,-26.0209,28.0084,"Dermatology, Neurology, Internal Medicine",high,Level 3,True,38,True,267,193,72.28,20,medium,2,17,normal,8,8,41,https://www.lifehealthcare.co.za,Public Hospital Directories,2026-04-24T10:36:27.985307,0.95,1,low,72.28
HOSP-SOU-00053,Sandton Mediclinic,Johannesburg,Gauteng,South Africa,-26.107,28.0546,"Gynecology, Internal Medicine, Ophthalmology",medium,None,True,29,True,200,150,75.0,44,medium,2,15,normal,9,4,30,https://www.mediclinic.co.za,Public Hospital Directories,2026-04-24T03:36:27.985383,0.95,5,low,75.0
HOSP-EGY-00054,Cairo University Hospitals,Cairo,Cairo,Egypt,30.0265,31.2108,"Surgery, Dermatology, Obstetrics, Neurology, Cardiology, Internal Medicine, Pediatrics, Oncology, Radiology, Anesthesiology, Orthopedics, Emergency Medicine, Psychiatry, Gynecology, Ophthalmology",critical,Level 1,True,320,True,3200,2927,91.47,115,medium,21,22,alert,9,4,19,https://www.cu.edu.eg,Public Hospital Directories,2026-04-24T14:36:27.985465,0.95,2,medium,91.47
HOSP-EGY-00055,Ain Shams University Hospitals,Cairo,Cairo,Egypt,30.072,31.2814,"Internal Medicine, Neurology, Gynecology, Pediatrics, Emergency Medicine, Obstetrics, Oncology",high,Level 1,True,213,True,1500,989,65.93,113,critical,10,21,normal,6,9,16,https://www.asu.edu.eg,Public Hospital Directories,2026-04-24T22:36:27.985541,0.95,3,low,65.93
HOSP-EGY-00056,Dar Al Fouad Hospital,Cairo,Cairo,Egypt,30.0164,30.9976,"Internal Medicine, Anesthesiology, Neurology",medium,Level 3,True,32,True,250,172,68.8,7,low,2,20,normal,10,9,25,https://www.daralfouad.org,Public Hospital Directories,2026-04-24T16:36:27.985615,0.95,0,medium,68.8
HOSP-EGY-00057,As-Salam International Hospital,Cairo,Cairo,Egypt,30.0865,31.3409,"Gynecology, Pediatrics, Internal Medicine",high,Level 3,True,25,True,320,265,82.81,54,medium,2,22,alert,10,6,37,https://www.assih.com,Public Hospital Directories,2026-04-24T21:36:27.985690,0.95,3,low,82.81
HOSP-MEX-00058,Hospital General de México,Mexico City,Mexico City,Mexico,19.4117,-99.1536,"Ophthalmology, Anesthesiology, Gynecology",medium,Level 2,True,38,True,482,327,67.84,47,high,3,20,normal,8,4,13,https://www.hgm.salud.gob.mx,Public Hospital Directories,2026-04-25T03:36:27.985765,0.95,1,high,67.84
HOSP-MEX-00059,ABC Medical Center,Mexico City,Mexico City,Mexico,19.3668,-99.202,"Emergency Medicine, Anesthesiology, Oncology",medium,Level 3,True,50,True,450,366,81.33,62,high,3,11,alert,6,6,38,https://www.abchospital.com,Public Hospital Directories,2026-04-25T03:36:27.985841,0.95,2,low,81.33
HOSP-MEX-00060,Hospital Ángeles del Pedregal,Mexico City,Mexico City,Mexico,19.3181,-99.2165,"Psychiatry, Pediatrics, Gynecology",low,Level 4,True,16,True,154,131,85.06,225,critical,2,24,alert,7,6,40,https://www.hospitalesangeles.com,Public Hospital Directories,2026-04-24T16:36:27.986653,0.95,3,medium,85.06
HOSP-ITA-00061,Policlinico Universitario Agostino Gemelli,Rome,Lazio,Italy,41.9208,12.4486,"Pediatrics, Radiology, Cardiology, Internal Medicine, Oncology, Ophthalmology, Surgery",critical,Level 2,True,183,True,1500,1032,68.8,232,critical,10,19,normal,6,7,10,https://www.policlinicogemelli.it,Public Hospital Directories,2026-04-25T15:36:27.986885,0.95,3,high,68.8
HOSP-ITA-00062,Ospedale San Camillo Forlanini,Rome,Lazio,Italy,41.8684,12.4538,"Obstetrics, Surgery, Cardiology, Neurology",medium,Level 3,True,92,True,875,623,71.2,146,critical,5,10,normal,9,9,29,https://www.scamilloforlanini.rm.it,Public Hospital Directories,2026-04-24T14:36:27.987060,0.95,0,low,71.2
HOSP-NET-00063,Amsterdam UMC,Amsterdam,North Holland,Netherlands,52.3351,4.8911,"Ophthalmology, Surgery, Obstetrics, Cardiology, Internal Medicine",critical,Level 1,True,95,True,1000,676,67.6,114,high,6,21,normal,10,9,19,https://www.amsterdamumc.org,Public Hospital Directories,2026-04-25T04:36:27.987296,0.95,2,high,67.6
HOSP-NET-00064,OLVG Amsterdam,Amsterdam,North Holland,Netherlands,52.3542,4.9224,"Pediatrics, Orthopedics, Cardiology",high,Level 2,True,41,True,560,468,83.57,92,medium,3,25,alert,8,4,35,https://www.olvg.nl,Public Hospital Directories,2026-04-25T16:36:27.987399,0.95,5,medium,83.57
HOSP-SWI-00065,University Hospital Zurich,Zurich,Zurich,Switzerland,47.3774,8.5522,"Anesthesiology, Orthopedics, Dermatology, Oncology",high,Level 3,True,52,True,952,673,70.69,28,medium,6,14,normal,6,8,23,https://www.usz.ch,Public Hospital Directories,2026-04-24T07:36:27.987493,0.95,3,medium,70.69
HOSP-SWI-00066,Stadtspital Triemli,Zurich,Zurich,Switzerland,47.3637,8.4933,"Psychiatry, Ophthalmology, Orthopedics",high,None,True,34,True,330,239,72.42,59,high,2,8,normal,7,4,32,https://www.triemli.ch,Public Hospital Directories,2026-04-25T05:36:27.987600,0.95,2,low,72.42
HOSP-SWE-00067,Karolinska University Hospital,Stockholm,Stockholm,Sweden,59.3489,18.0239,"Radiology, Orthopedics, Anesthesiology, Emergency Medicine, Obstetrics, Ophthalmology, Pediatrics, Internal Medicine",critical,Level 1,True,90,True,1600,1094,68.38,43,medium,10,24,normal,10,4,38,https://www.karolinska.se,Public Hospital Directories,2026-04-24T15:36:27.987696,0.95,2,low,68.38
HOSP-SWE-00068,Södersjukhuset,Stockholm,Stockholm,Sweden,59.3003,18.0743,"Anesthesiology, Obstetrics, Ophthalmology",medium,Level 2,True,70,True,750,573,76.4,86,high,5,12,normal,6,5,27,https://www.sodersjukhuset.se,Public Hospital Directories,2026-04-24T07:36:27.987787,0.95,1,low,76.4
HOSP-SOU-00069,Seoul National University Hospital,Seoul,Seoul,South Korea,37.5796,126.9989,"Ophthalmology, Orthopedics, Surgery, Oncology, Internal Medicine, Psychiatry, Anesthesiology, Cardiology",critical,Level 1,True,230,True,1779,1297,72.91,25,low,11,25,normal,7,7,38,https://www.snuh.org,Public Hospital Directories,2026-04-25T05:36:27.987880,0.95,1,low,72.91
HOSP-SOU-00070,Samsung Medical Center,Seoul,Seoul,South Korea,37.4885,127.0859,"Emergency Medicine, Anesthesiology, Radiology, Psychiatry, Oncology, Cardiology, Surgery, Obstetrics, Gynecology",critical,Level 1,True,117,True,1979,1795,90.7,200,low,13,11,overload,8,5,45,https://www.samsunghospital.com,Public Hospital Directories,2026-04-23T23:36:27.988054,0.95,2,medium,90.7
HOSP-SOU-00071,Asan Medical Center,Seoul,Seoul,South Korea,37.5265,127.1088,"Cardiology, Psychiatry, Pediatrics, Anesthesiology, Orthopedics, Surgery, Radiology, Emergency Medicine, Dermatology, Oncology, Neurology, Internal Medicine, Obstetrics",critical,Level 1,True,291,True,2704,2464,91.12,213,medium,18,15,overload,8,8,33,https://www.amc.seoul.kr,Public Hospital Directories,2026-04-25T00:36:27.988167,0.95,0,medium,91.12
HOSP-UNI-00072,Rashid Hospital,Dubai,Dubai,United Arab Emirates,25.2589,55.3277,"Orthopedics, Surgery, Dermatology",critical,Level 2,True,67,True,750,488,65.07,25,low,5,8,normal,6,9,43,https://www.dha.gov.ae,Public Hospital Directories,2026-04-25T02:36:27.988259,0.95,1,low,65.07
HOSP-UNI-00073,Dubai Hospital,Dubai,Dubai,United Arab Emirates,25.2365,55.3047,"Obstetrics, Surgery, Internal Medicine",critical,Level 2,True,86,True,625,460,73.6,29,low,4,9,normal,6,6,38,https://www.dha.gov.ae,Public Hospital Directories,2026-04-25T08:36:27.988349,0.95,2,low,73.6
HOSP-CHI-00074,Huashan Hospital,Shanghai,Shanghai,China,31.2132,121.4385,"Emergency Medicine, Orthopedics, Pediatrics, Dermatology, Neurology, Psychiatry, Anesthesiology, Oncology",critical,Level 1,True,200,True,1700,1157,68.06,39,medium,11,9,normal,7,7,13,https://www.huashan.org.cn,Public Hospital Directories,2026-04-24T18:36:27.988443,0.95,0,low,68.06
HOSP-CHI-00075,Ruijin Hospital,Shanghai,Shanghai,China,31.2098,121.4732,"Surgery, Emergency Medicine, Internal Medicine, Cardiology, Oncology, Anesthesiology, Ophthalmology, Radiology, Obstetrics",critical,Level 1,True,190,True,1800,1232,68.44,90,high,12,10,normal,9,9,12,https://www.rjh.com.cn,Public Hospital Directories,2026-04-24T20:36:27.988535,0.95,2,low,68.44
HOSP-CHI-00076,Zhongshan Hospital,Shanghai,Shanghai,China,31.1962,121.4413,"Anesthesiology, Surgery, Radiology, Cardiology, Dermatology, Pediatrics, Oncology, Orthopedics",high,Level 2,True,163,True,1700,1548,91.06,182,high,11,10,overload,6,5,37,https://www.zshospital.com,Public Hospital Directories,2026-04-24T13:36:27.988647,0.95,1,low,91.06
HOSP-ARG-00077,Hospital Italiano de Buenos Aires,Buenos Aires,Buenos Aires,Argentina,-34.6301,-58.4097,"Orthopedics, Neurology, Anesthesiology",high,Level 3,True,63,True,750,510,68.0,63,high,5,15,normal,6,5,26,https://www.hospitalitaliano.org.ar,Public Hospital Directories,2026-04-25T17:36:27.988748,0.95,0,medium,68.0
HOSP-ARG-00078,Hospital Alemán,Buenos Aires,Buenos Aires,Argentina,-34.5915,-58.405,"Cardiology, Internal Medicine, Dermatology",high,Level 3,True,26,True,250,226,90.4,234,medium,2,18,overload,8,5,38,https://www.hospitalaleman.org.ar,Public Hospital Directories,2026-04-24T08:36:27.988845,0.95,2,medium,90.4
HOSP-CHI-00079,Hospital Clínico Universidad de Chile,Santiago,Santiago,Chile,-33.4489,-70.6397,"Surgery, Internal Medicine, Anesthesiology",medium,Level 3,True,26,True,500,372,74.4,38,medium,3,10,normal,6,8,42,https://www.redclinica.uchile.cl,Public Hospital Directories,2026-04-25T19:36:27.988969,0.95,2,medium,74.4
HOSP-CHI-00080,Clínica Las Condes,Santiago,Santiago,Chile,-33.4078,-70.5793,"Radiology, Obstetrics, Neurology",medium,Level 2,True,35,True,319,285,89.34,105,medium,2,22,normal,8,9,15,https://www.clinicalascondes.cl,Public Hospital Directories,2026-04-24T17:36:27.989890,0.95,0,medium,89.34
HOSP-USA-00081,Northwestern Memorial Hospital,Chicago,Illinois,USA,41.8958,-87.6208,"Gynecology, Internal Medicine, Pediatrics, Emergency Medicine",critical,Level 1,True,79,True,894,692,77.4,109,medium,5,11,normal,10,4,15,https://www.nm.org,Public Hospital Directories,2026-04-25T08:53:14.075469,0.95,2,medium,
HOSP-USA-00082,Rush University Medical Center,Chicago,Illinois,USA,41.8745,-87.6696,"Internal Medicine, Radiology, Pediatrics",critical,Level 3,True,97,True,664,472,71.08,16,low,4,19,normal,9,5,35,https://www.rush.edu,Public Hospital Directories,2026-04-25T11:53:14.075578,0.95,5,medium,
HOSP-USA-00083,University of Chicago Medical Center,Chicago,Illinois,USA,41.7892,-87.6042,"Internal Medicine, Psychiatry, Obstetrics, Surgery",medium,Level 2,True,52,True,811,666,82.12,65,high,5,14,normal,6,9,25,https://www.uchicagomedicine.org,Public Hospital Directories,2026-04-25T18:53:14.075669,0.95,0,low,
HOSP-USA-00084,Advocate Christ Medical Center,Chicago,Illinois,USA,41.7214,-87.7047,"Internal Medicine, Surgery, Psychiatry",high,Level 3,True,79,True,658,471,71.58,88,high,4,24,normal,8,8,33,https://www.advocatehealth.com/christ,Public Hospital Directories,2026-04-25T02:53:14.075750,0.95,0,low,
HOSP-USA-00085,Lurie Children's Hospital of Chicago,Chicago,Illinois,USA,41.8953,-87.6212,"Emergency Medicine, Obstetrics, Anesthesiology",medium,None,True,43,True,360,276,76.67,110,medium,2,23,normal,10,6,19,https://www.luriechildrens.org,Public Hospital Directories,2026-04-25T04:53:14.075830,0.95,3,low,
HOSP-USA-00086,Massachusetts General Hospital,Boston,Massachusetts,USA,42.3631,-71.0687,"Internal Medicine, Emergency Medicine, Gynecology, Cardiology",critical,Level 2,True,138,True,999,837,83.78,112,high,6,14,alert,10,6,31,https://www.massgeneral.org,Public Hospital Directories,2026-04-25T14:53:14.075915,0.95,1,medium,
HOSP-USA-00087,Brigham and Women's Hospital,Boston,Massachusetts,USA,42.3364,-71.1067,"Neurology, Emergency Medicine, Psychiatry",medium,Level 2,True,47,True,793,642,80.96,64,high,5,23,alert,6,9,38,https://www.brighamandwomens.org,Public Hospital Directories,2026-04-25T09:53:14.075996,0.95,1,medium,
HOSP-USA-00088,Beth Israel Deaconess Medical Center,Boston,Massachusetts,USA,42.3385,-71.1051,"Internal Medicine, Oncology, Gynecology",medium,Level 1,True,39,True,673,466,69.24,45,medium,4,9,normal,10,7,40,https://www.bidmc.org,Public Hospital Directories,2026-04-24T08:53:14.076075,0.95,1,low,
HOSP-USA-00089,Boston Medical Center,Boston,Massachusetts,USA,42.336,-71.0727,"Orthopedics, Ophthalmology, Emergency Medicine",high,None,True,28,True,496,378,76.21,158,critical,3,20,normal,8,9,16,https://www.bmc.org,Public Hospital Directories,2026-04-25T04:53:14.076152,0.95,1,low,
HOSP-USA-00090,Tufts Medical Center,Boston,Massachusetts,USA,42.3496,-71.0637,"Dermatology, Cardiology, Anesthesiology",medium,None,True,32,True,415,273,65.78,25,medium,2,15,normal,8,9,11,https://www.tuftsmedicalcenter.org,Public Hospital Directories,2026-04-24T17:53:14.076229,0.95,1,medium,
HOSP-USA-00091,Houston Methodist Hospital,Houston,Texas,USA,29.7085,-95.4,"Gynecology, Oncology, Radiology, Surgery",medium,Level 3,True,49,True,948,802,84.6,90,high,6,25,normal,6,9,10,https://www.houstonmethodist.org,Public Hospital Directories,2026-04-24T17:53:14.076308,0.95,0,low,
HOSP-USA-00092,Memorial Hermann Texas Medical Center,Houston,Texas,USA,29.7085,-95.3982,"Cardiology, Obstetrics, Pediatrics, Neurology",medium,Level 3,True,97,True,925,654,70.7,60,medium,6,22,normal,7,7,42,https://www.memorialhermann.org,Public Hospital Directories,2026-04-25T07:53:14.076388,0.95,3,low,
HOSP-USA-00093,MD Anderson Cancer Center,Houston,Texas,USA,29.7074,-95.3988,"Internal Medicine, Cardiology, Gynecology",high,Level 2,True,90,True,668,505,75.6,50,low,4,22,normal,9,4,19,https://www.mdanderson.org,Public Hospital Directories,2026-04-25T15:53:14.076464,0.95,0,medium,
HOSP-USA-00094,Texas Children's Hospital,Houston,Texas,USA,29.7085,-95.401,"Obstetrics, Dermatology, Internal Medicine",critical,Level 1,True,80,True,639,513,80.28,66,medium,4,19,alert,9,9,16,https://www.texaschildrens.org,Public Hospital Directories,2026-04-24T15:53:14.076540,0.95,3,low,
HOSP-USA-00095,St. Luke's Health–Baylor St. Luke's Medical Center,Houston,Texas,USA,29.7361,-95.3992,"Neurology, Internal Medicine, Obstetrics",critical,Level 3,True,44,True,616,438,71.1,147,critical,4,24,normal,6,8,15,https://www.stlukeshealth.org,Public Hospital Directories,2026-04-24T23:53:14.076615,0.95,3,medium,
HOSP-USA-00096,UCSF Medical Center,San Francisco,California,USA,37.7625,-122.4578,"Dermatology, Psychiatry, Cardiology, Gynecology",high,Level 3,True,102,True,878,683,77.79,77,medium,5,8,normal,10,8,43,https://www.ucsfhealth.org,Public Hospital Directories,2026-04-24T00:53:14.076690,0.95,0,high,
HOSP-USA-00097,California Pacific Medical Center,San Francisco,California,USA,37.7893,-122.4289,"Ophthalmology, Anesthesiology, Orthopedics",high,Level 1,True,60,True,696,539,77.44,83,medium,4,11,normal,8,6,38,https://www.sutterhealth.org/cpmc,Public Hospital Directories,2026-04-24T07:53:14.076766,0.95,1,low,
HOSP-USA-00098,Zuckerberg San Francisco General Hospital,San Francisco,California,USA,37.7558,-122.4044,"Orthopedics, Radiology, Neurology",high,Level 3,True,25,True,441,360,81.63,71,medium,2,18,normal,6,7,11,https://zuckerbergsanfranciscogeneral.org,Public Hospital Directories,2026-04-24T03:53:14.076842,0.95,1,low,
HOSP-USA-00099,UCSF Benioff Children's Hospital,San Francisco,California,USA,37.7629,-122.3929,"Pediatrics, Orthopedics, Ophthalmology",medium,Level 5,True,10,True,183,160,87.43,187,low,2,12,normal,7,5,27,https://www.ucsfbenioffchildrens.org,Public Hospital Directories,2026-04-24T20:53:14.076936,0.95,1,high,
HOSP-USA-00100,University of Washington Medical Center,Seattle,Washington,USA,47.6507,-122.305,"Psychiatry, Anesthesiology, Internal Medicine",high,Level 2,True,45,True,450,333,74.0,18,low,3,10,normal,8,4,20,https://www.uwmedicine.org/uwmc,Public Hospital Directories,2026-04-24T12:53:14.077015,0.95,1,medium,
HOSP-USA-00101,Harborview Medical Center,Seattle,Washington,USA,47.6056,-122.3197,"Psychiatry, Anesthesiology, Internal Medicine",medium,None,True,22,True,413,313,75.79,51,medium,2,10,normal,8,4,26,https://www.uwmedicine.org/harborview,Public Hospital Directories,2026-04-25T03:53:14.077092,0.95,2,medium,
HOSP-USA-00102,Swedish Medical Center,Seattle,Washington,USA,47.6247,-122.3214,"Radiology, Orthopedics, Neurology",high,Level 3,True,86,True,697,527,75.61,96,medium,4,21,normal,7,7,16,https://www.swedish.org,Public Hospital Directories,2026-04-24T06:53:14.077168,0.95,0,low,
HOSP-USA-00103,Virginia Mason Medical Center,Seattle,Washington,USA,47.6095,-122.3345,"Radiology, Pediatrics, Anesthesiology",medium,None,True,28,True,336,294,87.5,159,high,2,23,normal,8,9,14,https://www.virginiamason.org,Public Hospital Directories,2026-04-25T07:53:14.077244,0.95,2,low,
HOSP-USA-00104,Jackson Memorial Hospital,Miami,Florida,USA,25.7847,-80.2133,"Pediatrics, Gynecology, Psychiatry, Obstetrics, Radiology, Emergency Medicine, Internal Medicine",high,Level 1,True,90,True,1550,1189,76.71,57,high,10,16,normal,9,7,44,https://www.jacksonhealth.org,Public Hospital Directories,2026-04-25T10:53:14.077324,0.95,2,high,
HOSP-USA-00105,Baptist Health South Florida,Miami,Florida,USA,25.7617,-80.1918,"Surgery, Oncology, Ophthalmology",high,Level 2,True,82,True,728,491,67.45,41,medium,4,12,normal,9,8,12,https://www.baptisthealth.net,Public Hospital Directories,2026-04-25T06:53:14.077399,0.95,0,low,
HOSP-USA-00106,University of Miami Hospital,Miami,Florida,USA,25.7813,-80.2111,"Psychiatry, Internal Medicine, Dermatology",high,Level 2,True,82,True,560,477,85.18,198,low,3,8,normal,10,6,22,https://www.umiamihealth.org,Public Hospital Directories,2026-04-25T13:53:14.077476,0.95,2,low,
HOSP-USA-00107,Mount Sinai Medical Center Miami Beach,Miami,Florida,USA,25.81,-80.1301,"Dermatology, Neurology, Surgery",critical,Level 1,True,34,True,674,463,68.69,118,critical,4,15,normal,7,5,40,https://www.msmc.com,Public Hospital Directories,2026-04-24T21:53:14.077552,0.95,1,low,
HOSP-USA-00108,Hospital of the University of Pennsylvania,Philadelphia,Pennsylvania,USA,39.9494,-75.1948,"Emergency Medicine, Radiology, Surgery",critical,Level 2,True,48,True,789,595,75.41,62,medium,5,9,normal,10,9,13,https://www.pennmedicine.org/hup,Public Hospital Directories,2026-04-25T14:53:14.077626,0.95,1,low,
HOSP-USA-00109,Thomas Jefferson University Hospital,Philadelphia,Pennsylvania,USA,39.9479,-75.1591,"Oncology, Surgery, Pediatrics, Cardiology",high,Level 2,True,117,True,950,674,70.95,106,high,6,25,normal,8,9,32,https://www.jefferson.edu/hospital,Public Hospital Directories,2026-04-24T21:53:14.077700,0.95,1,high,
HOSP-USA-00110,Temple University Hospital,Philadelphia,Pennsylvania,USA,39.9714,-75.1521,"Gynecology, Internal Medicine, Anesthesiology",high,Level 2,True,90,True,722,525,72.71,106,high,4,21,normal,8,7,18,https://www.templehealth.org,Public Hospital Directories,2026-04-25T21:53:14.077774,0.95,3,low,
HOSP-USA-00111,Children's Hospital of Philadelphia,Philadelphia,Pennsylvania,USA,39.9481,-75.1914,"Psychiatry, Oncology, Emergency Medicine",high,Level 2,True,42,True,594,448,75.42,51,low,3,9,normal,6,8,38,https://www.chop.edu,Public Hospital Directories,2026-04-24T23:53:14.077848,0.95,5,medium,
HOSP-UNI-00112,Manchester Royal Infirmary,Manchester,England,United Kingdom,53.4618,-2.2259,"Ophthalmology, Oncology, Pediatrics, Cardiology",critical,Level 3,True,121,True,900,827,91.89,237,high,6,17,overload,8,6,30,https://www.mft.nhs.uk/mri,Public Hospital Directories,2026-04-24T17:53:14.077925,0.95,0,low,
HOSP-UNI-00113,Wythenshawe Hospital,Manchester,England,United Kingdom,53.3848,-2.2645,"Gynecology, Pediatrics, Dermatology, Internal Medicine",high,Level 2,True,86,True,970,796,82.06,96,medium,6,19,alert,7,8,24,https://www.mft.nhs.uk/wythenshawe,Public Hospital Directories,2026-04-24T08:53:14.078001,0.95,0,low,
HOSP-UNI-00114,Salford Royal Hospital,Manchester,England,United Kingdom,53.4873,-2.3002,"Surgery, Gynecology, Neurology",high,Level 2,True,80,True,720,580,80.56,106,medium,4,17,alert,6,9,43,https://www.northerncarealliance.nhs.uk/salford,Public Hospital Directories,2026-04-25T04:53:14.078076,0.95,20,low,
HOSP-UNI-00115,Queen Elizabeth Hospital Birmingham,Birmingham,England,United Kingdom,52.4497,-1.9298,"Radiology, Gynecology, Psychiatry, Ophthalmology, Internal Medicine, Obstetrics",critical,Level 1,True,166,True,1215,1116,91.85,120,low,8,10,overload,7,5,13,https://www.uhb.nhs.uk/qehb.htm,Public Hospital Directories,2026-04-25T17:53:14.078154,0.95,2,low,
HOSP-UNI-00116,Birmingham Children's Hospital,Birmingham,England,United Kingdom,52.4814,-1.8998,"Cardiology, Emergency Medicine, Gynecology",medium,Level 3,True,37,True,295,199,67.46,56,medium,2,9,normal,10,9,19,https://www.bwc.nhs.uk,Public Hospital Directories,2026-04-25T01:53:14.078231,0.95,1,low,
HOSP-UNI-00117,Heartlands Hospital,Birmingham,England,United Kingdom,52.4771,-1.8198,"Dermatology, Cardiology, Pediatrics",high,Level 3,True,81,True,650,523,80.46,57,medium,4,10,alert,9,9,45,https://www.uhb.nhs.uk/heartlands.htm,Public Hospital Directories,2026-04-24T16:53:14.078307,0.95,0,low,
HOSP-UNI-00118,Royal Infirmary of Edinburgh,Edinburgh,Scotland,United Kingdom,55.9216,-3.1358,"Cardiology, Emergency Medicine, Gynecology, Internal Medicine",critical,Level 2,True,111,True,900,762,84.67,114,high,6,25,normal,8,9,41,https://www.nhslothian.scot/rie,Public Hospital Directories,2026-04-25T05:53:14.078383,0.95,1,medium,
HOSP-UNI-00119,Western General Hospital,Edinburgh,Scotland,United Kingdom,55.9613,-3.2364,"Neurology, Obstetrics, Anesthesiology",medium,Level 2,True,63,True,600,427,71.17,10,low,4,20,normal,6,5,36,https://www.nhslothian.scot/wgh,Public Hospital Directories,2026-04-25T12:53:14.078458,0.95,0,low,
HOSP-FRA-00120,Hospices Civils de Lyon,Lyon,Auvergne-Rhône-Alpes,France,45.7339,4.8786,"Cardiology, Gynecology, Surgery, Anesthesiology, Oncology, Emergency Medicine, Obstetrics, Psychiatry, Dermatology, Radiology",critical,Level 2,True,126,True,2100,1653,78.71,119,medium,14,17,normal,10,9,22,https://www.chu-lyon.fr,Public Hospital Directories,2026-04-24T01:53:14.078536,0.95,1,medium,
HOSP-FRA-00121,Centre Hospitalier Lyon Sud,Lyon,Auvergne-Rhône-Alpes,France,45.7011,4.8064,"Emergency Medicine, Oncology, Obstetrics",high,Level 2,True,44,True,670,475,70.9,115,high,4,22,normal,9,4,10,https://www.chu-lyon.fr/lyon-sud,Public Hospital Directories,2026-04-25T04:53:14.078611,0.95,2,high,
HOSP-FRA-00122,Hôpital de la Timone,Marseille,Provence-Alpes-Côte d'Azur,France,43.2932,5.3988,"Cardiology, Anesthesiology, Emergency Medicine",critical,Level 2,True,76,True,750,672,89.6,230,high,5,13,alert,9,4,20,https://www.ap-hm.fr/hopital/timone,Public Hospital Directories,2026-04-25T02:53:14.078686,0.95,1,medium,
HOSP-FRA-00123,Hôpital Nord,Marseille,Provence-Alpes-Côte d'Azur,France,43.3657,5.3291,"Obstetrics, Emergency Medicine, Internal Medicine",medium,Level 3,True,53,True,627,490,78.15,72,high,4,22,normal,6,4,39,https://www.ap-hm.fr/hopital/nord,Public Hospital Directories,2026-04-24T18:53:14.078761,0.95,3,low,
HOSP-GER-00124,Ludwig Maximilian University Hospital,Munich,Bavaria,Germany,48.1504,11.571,"Ophthalmology, Cardiology, Radiology, Orthopedics, Dermatology, Psychiatry, Emergency Medicine, Oncology, Surgery, Obstetrics, Anesthesiology",critical,Level 1,True,265,True,2260,1739,76.95,53,high,15,16,normal,8,7,22,https://www.klinikum.uni-muenchen.de,Public Hospital Directories,2026-04-24T14:53:14.078838,0.95,2,medium,
HOSP-GER-00125,Munich University Hospital rechts der Isar,Munich,Bavaria,Germany,48.1404,11.6021,"Internal Medicine, Emergency Medicine, Anesthesiology, Ophthalmology, Pediatrics",critical,Level 1,True,98,True,1161,916,78.9,55,high,7,10,normal,6,6,21,https://www.mri.tum.de,Public Hospital Directories,2026-04-25T20:53:14.078913,0.95,0,medium,
HOSP-GER-00126,Munich City Hospital,Munich,Bavaria,Germany,48.1351,11.582,"Radiology, Obstetrics, Gynecology, Cardiology",high,Level 2,True,66,True,850,639,75.18,117,critical,5,22,normal,10,5,10,https://www.klinikum-muenchen.de,Public Hospital Directories,2026-04-24T07:53:14.078988,0.95,2,low,
HOSP-GER-00127,University Medical Center Hamburg-Eppendorf,Hamburg,Hamburg,Germany,53.5902,9.9751,"Neurology, Pediatrics, Oncology, Dermatology, Anesthesiology, Gynecology, Internal Medicine, Surgery",critical,Level 1,True,206,True,1740,1336,76.78,99,critical,11,16,normal,9,6,11,https://www.uke.de,Public Hospital Directories,2026-04-25T16:53:14.079075,0.95,2,low,
HOSP-GER-00128,Asklepios Klinik St. Georg,Hamburg,Hamburg,Germany,53.5532,10.0162,"Dermatology, Cardiology, Emergency Medicine",critical,Level 2,True,99,True,670,566,84.48,115,critical,4,8,normal,7,8,21,https://www.asklepios.com/stgeorg,Public Hospital Directories,2026-04-24T00:53:14.079153,0.95,0,high,
HOSP-GER-00129,University Hospital Frankfurt,Frankfurt,Hesse,Germany,50.0955,8.6703,"Cardiology, Obstetrics, Emergency Medicine, Orthopedics, Pediatrics, Surgery",critical,Level 1,True,142,True,1348,1019,75.59,108,high,8,12,normal,9,7,43,https://www.kgu.de,Public Hospital Directories,2026-04-24T21:53:14.079228,0.95,3,low,
HOSP-GER-00130,Krankenhaus Nordwest,Frankfurt,Hesse,Germany,50.1496,8.6261,"Internal Medicine, Cardiology, Ophthalmology",high,Level 2,True,40,True,590,421,71.36,86,high,3,17,normal,7,6,36,https://www.khnw.de,Public Hospital Directories,2026-04-25T11:53:14.079304,0.95,1,medium,
HOSP-SPA-00131,Hospital Clínic de Barcelona,Barcelona,Catalonia,Spain,41.3887,2.1527,"Ophthalmology, Radiology, Psychiatry",critical,Level 2,True,54,True,769,598,77.76,108,medium,5,12,normal,10,4,44,https://www.clinicbarcelona.org,Public Hospital Directories,2026-04-24T00:53:14.079396,0.95,1,low,
HOSP-SPA-00132,Hospital de la Santa Creu i Sant Pau,Barcelona,Catalonia,Spain,41.4143,2.1748,"Ophthalmology, Oncology, Orthopedics",critical,Level 2,True,82,True,644,533,82.76,55,high,4,12,normal,8,7,38,https://www.santpau.cat,Public Hospital Directories,2026-04-25T05:53:14.079474,0.95,5,low,
HOSP-SPA-00133,Hospital Vall d'Hebron,Barcelona,Catalonia,Spain,41.427,2.1442,"Radiology, Internal Medicine, Neurology, Obstetrics, Pediatrics, Cardiology",critical,Level 2,True,144,True,1200,1022,85.17,116,low,8,20,alert,7,4,18,https://www.vallhebron.com,Public Hospital Directories,2026-04-24T11:53:14.079551,0.95,0,low,
HOSP-SPA-00134,Hospital del Mar,Barcelona,Catalonia,Spain,41.3858,2.1952,"Radiology, Pediatrics, Orthopedics",high,None,True,52,True,420,352,83.81,73,medium,2,25,alert,10,6,15,https://www.parcdesalutmar.cat,Public Hospital Directories,2026-04-24T13:53:14.079628,0.95,2,low,
HOSP-ITA-00135,Ospedale Maggiore Policlinico,Milan,Lombardy,Italy,45.4656,9.1899,"Gynecology, Pediatrics, Neurology, Obstetrics",medium,Level 1,True,45,True,900,722,80.22,76,high,6,8,normal,8,4,13,https://www.policlinico.mi.it,Public Hospital Directories,2026-04-25T02:53:14.079704,0.95,1,low,
HOSP-ITA-00136,Ospedale San Raffaele,Milan,Lombardy,Italy,45.4947,9.2644,"Psychiatry, Cardiology, Orthopedics, Internal Medicine, Surgery, Emergency Medicine",high,Level 1,True,94,True,1318,895,67.91,19,low,8,13,normal,6,8,15,https://www.hsr.it,Public Hospital Directories,2026-04-25T09:53:14.079780,0.95,0,low,
HOSP-ITA-00137,Ospedale Niguarda,Milan,Lombardy,Italy,45.5167,9.1808,"Neurology, Radiology, Orthopedics, Psychiatry, Pediatrics",high,Level 1,True,55,True,1034,701,67.79,50,medium,6,14,normal,9,4,18,https://www.ospedaleniguarda.it,Public Hospital Directories,2026-04-25T01:53:14.079854,0.95,0,low,
HOSP-ITA-00138,Istituto Europeo di Oncologia,Milan,Lombardy,Italy,45.4943,9.2114,"Ophthalmology, Obstetrics, Surgery",medium,None,True,20,True,161,148,91.93,148,medium,2,21,overload,9,4,42,https://www.ieo.it,Public Hospital Directories,2026-04-24T12:53:14.079931,0.95,1,low,
HOSP-ITA-00139,Azienda Ospedaliera Cardarelli,Naples,Campania,Italy,40.869,14.2492,"Gynecology, Radiology, Pediatrics, Psychiatry, Obstetrics",critical,Level 2,True,59,True,1100,764,69.45,201,critical,7,16,normal,7,5,14,https://www.ospedalecardarelli.it,Public Hospital Directories,2026-04-24T04:53:14.080006,0.95,0,low,
HOSP-ITA-00140,University Hospital Federico II,Naples,Campania,Italy,40.8387,14.2167,"Surgery, Psychiatry, Ophthalmology",critical,Level 1,True,82,True,742,505,68.06,53,medium,4,17,normal,8,6,12,https://www.policlinico.unina.it,Public Hospital Directories,2026-04-24T00:53:14.080081,0.95,0,low,
HOSP-NET-00141,Erasmus MC,Rotterdam,South Holland,Netherlands,51.9107,4.4697,"Internal Medicine, Pediatrics, Neurology, Ophthalmology, Anesthesiology, Cardiology",high,Level 1,True,105,True,1321,1058,80.09,110,high,8,22,alert,7,7,33,https://www.erasmusmc.nl,Public Hospital Directories,2026-04-25T13:53:14.080157,0.95,0,low,
HOSP-NET-00142,Maasstad Hospital,Rotterdam,South Holland,Netherlands,51.9064,4.4679,"Gynecology, Surgery, Orthopedics",medium,Level 2,True,66,True,601,448,74.54,168,critical,4,11,normal,9,7,22,https://www.maasstadziekenhuis.nl,Public Hospital Directories,2026-04-24T04:53:14.080231,0.95,0,low,
HOSP-BEL-00143,Cliniques Universitaires Saint-Luc,Brussels,Brussels,Belgium,50.8496,4.3698,"Pediatrics, Cardiology, Ophthalmology, Dermatology",high,Level 2,True,97,True,973,660,67.83,56,medium,6,11,normal,8,6,44,https://www.saintluc.be,Public Hospital Directories,2026-04-25T18:53:14.080307,0.95,3,low,
HOSP-BEL-00144,Erasme Hospital,Brussels,Brussels,Belgium,50.8163,4.2613,"Dermatology, Orthopedics, Pediatrics, Gynecology",high,Level 1,True,118,True,858,633,73.78,57,medium,5,24,normal,6,4,43,https://www.erasme.ulb.ac.be,Public Hospital Directories,2026-04-23T22:53:14.080381,0.95,2,high,
HOSP-BEL-00145,UZ Brussel,Brussels,Brussels,Belgium,50.8908,4.3174,"Cardiology, Oncology, Pediatrics",medium,Level 2,True,71,True,721,524,72.68,39,medium,4,9,normal,7,4,41,https://www.uzbrussel.be,Public Hospital Directories,2026-04-24T22:53:14.080455,0.95,5,high,
HOSP-AUS-00146,Vienna General Hospital,Vienna,Vienna,Austria,48.2208,16.3569,"Pediatrics, Surgery, Anesthesiology, Emergency Medicine, Orthopedics, Psychiatry, Gynecology, Dermatology, Oncology, Neurology",critical,Level 2,True,146,True,2145,1522,70.96,13,low,14,21,normal,6,4,13,https://www.akhwien.at,Public Hospital Directories,2026-04-25T18:53:14.080533,0.95,0,low,
HOSP-AUS-00147,Hanusch Hospital,Vienna,Vienna,Austria,48.2084,16.3336,"Psychiatry, Emergency Medicine, Orthopedics",critical,Level 3,True,74,True,517,441,85.3,106,high,3,10,normal,8,7,41,https://www.wgkk.at/hanusch,Public Hospital Directories,2026-04-24T02:53:14.080609,0.95,2,low,
HOSP-POL-00148,Central Clinical Hospital,Warsaw,Masovian,Poland,52.2157,20.9818,"Oncology, Obstetrics, Anesthesiology",high,Level 2,True,93,True,700,631,90.14,103,medium,4,23,overload,9,6,32,https://www.cskmswia.pl,Public Hospital Directories,2026-04-24T09:53:14.080685,0.95,2,medium,
HOSP-POL-00149,Medical University of Warsaw Hospital,Warsaw,Masovian,Poland,52.2315,20.9925,"Emergency Medicine, Cardiology, Psychiatry, Obstetrics, Internal Medicine, Surgery",high,Level 1,True,117,True,1200,1086,90.5,101,medium,8,12,alert,7,6,12,https://www.wum.edu.pl,Public Hospital Directories,2026-04-25T14:53:14.080761,0.95,3,low,
HOSP-CZE-00150,General University Hospital in Prague,Prague,Prague,Czech Republic,50.0693,14.4292,"Neurology, Cardiology, Psychiatry, Obstetrics, Radiology, Pediatrics, Anesthesiology, Gynecology, Ophthalmology",critical,Level 1,True,194,True,1820,1664,91.43,143,low,12,21,overload,9,5,38,https://www.vfn.cz,Public Hospital Directories,2026-04-25T00:53:14.080839,0.95,0,medium,
HOSP-CZE-00151,Motol University Hospital,Prague,Prague,Czech Republic,50.0705,14.3011,"Emergency Medicine, Pediatrics, Ophthalmology, Neurology, Internal Medicine, Radiology, Anesthesiology, Psychiatry, Obstetrics, Gynecology, Orthopedics",critical,Level 1,True,332,True,2360,1703,72.16,79,high,15,14,normal,6,7,24,https://www.fnmotol.cz,Public Hospital Directories,2026-04-25T03:53:14.080926,0.95,0,high,
HOSP-DEN-00152,Rigshospitalet,Copenhagen,Capital Region,Denmark,55.6958,12.5689,"Neurology, Pediatrics, Cardiology, Surgery, Oncology",critical,Level 1,True,57,True,1100,969,88.09,104,high,7,11,alert,7,4,17,https://www.rigshospitalet.dk,Public Hospital Directories,2026-04-24T10:53:14.081004,0.95,1,low,
HOSP-DEN-00153,Herlev Hospital,Copenhagen,Capital Region,Denmark,55.7303,12.4416,"Cardiology, Surgery, Dermatology",high,Level 3,True,73,True,633,518,81.83,214,critical,4,19,alert,8,7,26,https://www.herlevhospital.dk,Public Hospital Directories,2026-04-25T02:53:14.081081,0.95,0,low,
HOSP-NOR-00154,Oslo University Hospital,Oslo,Oslo,Norway,59.9227,10.7196,"Internal Medicine, Surgery, Cardiology, Psychiatry, Anesthesiology, Pediatrics, Emergency Medicine, Neurology",high,Level 1,True,241,True,1700,1182,69.53,58,medium,11,23,normal,7,9,29,https://www.oslo-universitetssykehus.no,Public Hospital Directories,2026-04-24T04:53:14.081157,0.95,1,low,
HOSP-NOR-00155,Diakonhjemmet Hospital,Oslo,Oslo,Norway,59.9295,10.7089,"Dermatology, Internal Medicine, Psychiatry",high,None,True,28,True,385,269,69.87,34,medium,2,18,normal,8,4,37,https://www.diakonhjemmetsykehus.no,Public Hospital Directories,2026-04-24T13:53:14.081231,0.95,2,medium,
HOSP-FIN-00156,Helsinki University Hospital,Helsinki,Uusimaa,Finland,60.2201,24.973,"Obstetrics, Emergency Medicine, Internal Medicine, Gynecology, Anesthesiology, Neurology, Pediatrics, Orthopedics, Dermatology",critical,Level 1,True,220,True,1800,1365,75.83,83,medium,12,10,normal,6,5,38,https://www.hus.fi,Public Hospital Directories,2026-04-23T23:53:14.081308,0.95,2,low,
HOSP-RUS-00157,Moscow City Clinical Hospital No. 1,Moscow,Moscow,Russia,55.7658,37.6753,"Radiology, Oncology, Emergency Medicine, Internal Medicine, Cardiology, Anesthesiology",critical,Level 2,True,164,True,1200,1007,83.92,62,high,8,15,alert,10,7,36,https://www.gkb1.ru,Public Hospital Directories,2026-04-25T15:53:14.081386,0.95,2,high,
HOSP-RUS-00158,Pirogov National Medical Surgical Center,Moscow,Moscow,Russia,55.7558,37.6173,"Gynecology, Surgery, Cardiology, Radiology",high,Level 2,True,97,True,850,554,65.18,26,low,5,15,normal,9,8,32,https://www.pirogov-center.ru,Public Hospital Directories,2026-04-24T19:53:14.081462,0.95,1,low,
HOSP-CHI-00159,Peking Union Medical College Hospital,Beijing,Beijing,China,39.9138,116.4074,"Orthopedics, Gynecology, Surgery, Ophthalmology, Obstetrics, Cardiology, Radiology, Dermatology, Internal Medicine, Anesthesiology",high,Level 1,True,256,True,2000,1416,70.8,56,medium,13,14,normal,8,9,29,https://www.pumch.cn,Public Hospital Directories,2026-04-25T03:53:14.081539,0.95,0,high,
HOSP-CHI-00160,Peking University First Hospital,Beijing,Beijing,China,39.9287,116.3841,"Gynecology, Orthopedics, Cardiology, Emergency Medicine, Obstetrics, Internal Medicine, Pediatrics, Ophthalmology, Surgery",high,Level 1,True,143,True,1800,1431,79.5,91,high,12,14,normal,6,8,40,https://www.bddyyy.com.cn,Public Hospital Directories,2026-04-24T04:53:14.081615,0.95,1,low,
HOSP-CHI-00161,Beijing Hospital,Beijing,Beijing,China,39.9154,116.4074,"Obstetrics, Surgery, Gynecology, Dermatology, Oncology, Internal Medicine, Emergency Medicine",critical,Level 2,True,176,True,1500,1070,71.33,117,high,10,19,normal,7,4,37,https://www.bjhmoh.cn,Public Hospital Directories,2026-04-24T01:53:14.081690,0.95,1,low,
HOSP-CHI-00162,Guangdong General Hospital,Guangzhou,Guangdong,China,23.1383,113.2704,"Emergency Medicine, Dermatology, Pediatrics, Oncology, Ophthalmology, Radiology, Cardiology, Obstetrics, Neurology, Anesthesiology, Psychiatry, Gynecology",critical,Level 2,True,340,True,2400,1975,82.29,113,high,16,23,alert,6,6,27,https://www.gdghospital.org.cn,Public Hospital Directories,2026-04-24T10:53:14.081767,0.95,0,low,
HOSP-CHI-00163,Sun Yat-sen Memorial Hospital,Guangzhou,Guangdong,China,23.1193,113.2881,"Obstetrics, Emergency Medicine, Psychiatry, Oncology, Radiology, Neurology, Surgery",critical,Level 2,True,198,True,1400,1049,74.93,40,medium,9,11,normal,7,9,12,https://www.syshospital.com,Public Hospital Directories,2026-04-25T20:53:14.081842,0.95,2,high,
HOSP-JAP-00164,Osaka University Hospital,Osaka,Osaka,Japan,34.6937,135.5022,"Radiology, Cardiology, Anesthesiology, Emergency Medicine, Dermatology",high,Level 1,True,64,True,1086,973,89.59,170,low,7,11,alert,9,9,21,https://www.hosp.med.osaka-u.ac.jp,Public Hospital Directories,2026-04-25T08:53:14.081918,0.95,0,low,
HOSP-JAP-00165,Osaka Medical Center,Osaka,Osaka,Japan,34.7024,135.4958,"Dermatology, Obstetrics, Surgery",high,Level 1,True,70,True,698,504,72.21,44,medium,4,18,normal,8,5,32,https://www.onh.go.jp,Public Hospital Directories,2026-04-25T00:53:14.081992,0.95,1,medium,
HOSP-JAP-00166,Kyoto University Hospital,Kyoto,Kyoto,Japan,35.0269,135.7671,"Gynecology, Obstetrics, Internal Medicine, Surgery, Pediatrics",high,Level 2,True,66,True,1121,1002,89.38,184,medium,7,20,alert,8,9,15,https://www.kuhp.kyoto-u.ac.jp,Public Hospital Directories,2026-04-24T06:53:14.082068,0.95,2,low,
HOSP-SOU-00167,Pusan National University Hospital,Busan,Busan,South Korea,35.1164,129.0411,"Cardiology, Pediatrics, Oncology, Internal Medicine, Emergency Medicine, Ophthalmology",high,Level 1,True,192,True,1300,1179,90.69,111,medium,8,18,overload,7,6,39,https://www.pnuh.or.kr,Public Hospital Directories,2026-04-25T09:53:14.082143,0.95,0,low,
HOSP-SOU-00168,Dong-A University Hospital,Busan,Busan,South Korea,35.1045,129.0256,"Dermatology, Ophthalmology, Cardiology, Oncology",high,Level 1,True,54,True,911,686,75.3,111,low,6,13,normal,6,9,31,https://www.damc.or.kr,Public Hospital Directories,2026-04-25T02:53:14.082218,0.95,0,high,
HOSP-TAI-00169,National Taiwan University Hospital,Taipei,Taipei,Taiwan,25.0415,121.5195,"Cardiology, Emergency Medicine, Pediatrics, Oncology, Internal Medicine, Dermatology, Neurology, Ophthalmology, Gynecology, Psychiatry, Surgery",high,Level 1,True,253,True,2200,1916,87.09,234,medium,14,12,alert,6,4,11,https://www.ntuh.gov.tw,Public Hospital Directories,2026-04-25T18:53:14.082295,0.95,0,low,
HOSP-TAI-00170,Taipei Veterans General Hospital,Taipei,Taipei,Taiwan,25.1186,121.5191,"Radiology, Surgery, Anesthesiology, Gynecology, Obstetrics, Orthopedics, Neurology, Emergency Medicine, Internal Medicine, Psychiatry, Pediatrics, Ophthalmology, Cardiology, Dermatology",critical,Level 1,True,331,True,2900,1992,68.69,59,medium,19,13,normal,8,4,39,https://www.vghtpe.gov.tw,Public Hospital Directories,2026-04-24T06:53:14.082373,0.95,0,low,
HOSP-TAI-00171,Chang Gung Memorial Hospital,Taipei,Taipei,Taiwan,25.0585,121.5178,"Internal Medicine, Radiology, Pediatrics, Orthopedics, Cardiology, Ophthalmology, Anesthesiology, Dermatology, Neurology, Oncology, Psychiatry, Obstetrics, Surgery, Emergency Medicine, Gynecology",critical,Level 1,True,385,True,3700,3307,89.38,121,high,24,14,alert,6,4,10,https://www.cgmh.org.tw,Public Hospital Directories,2026-04-25T08:53:14.082452,0.95,2,low,
HOSP-HON-00172,Queen Mary Hospital,Hong Kong,Hong Kong,Hong Kong,22.2702,114.1342,"Dermatology, Psychiatry, Surgery, Pediatrics, Emergency Medicine, Internal Medicine, Gynecology",critical,Level 1,True,136,True,1440,1263,87.71,134,medium,9,22,alert,6,9,10,https://www.ha.org.hk/qmh,Public Hospital Directories,2026-04-24T17:53:14.082529,0.95,0,low,
HOSP-HON-00173,Queen Elizabeth Hospital,Hong Kong,Hong Kong,Hong Kong,22.3084,114.1745,"Anesthesiology, Orthopedics, Neurology, Radiology, Surgery, Gynecology, Obstetrics, Internal Medicine, Ophthalmology",high,Level 2,True,250,True,1900,1633,85.95,212,high,12,9,alert,10,4,35,https://www.ha.org.hk/qeh,Public Hospital Directories,2026-04-25T00:53:14.082606,0.95,0,low,
HOSP-HON-00174,Prince of Wales Hospital,Hong Kong,Hong Kong,Hong Kong,22.3757,114.2048,"Gynecology, Internal Medicine, Emergency Medicine, Anesthesiology, Surgery, Dermatology, Ophthalmology",high,Level 2,True,77,True,1456,1126,77.34,173,critical,9,19,normal,10,8,16,https://www.ha.org.hk/pwh,Public Hospital Directories,2026-04-25T14:53:14.082682,0.95,3,low,
HOSP-THA-00175,Siriraj Hospital,Bangkok,Bangkok,Thailand,13.7563,100.4881,"Dermatology, Anesthesiology, Psychiatry, Internal Medicine, Orthopedics, Neurology, Obstetrics, Radiology, Emergency Medicine, Oncology, Pediatrics",high,Level 2,True,121,True,2300,1805,78.48,203,critical,15,24,normal,9,4,19,https://www2.si.mahidol.ac.th,Public Hospital Directories,2026-04-25T08:53:14.082758,0.95,2,low,
HOSP-THA-00176,Chulalongkorn Hospital,Bangkok,Bangkok,Thailand,13.7352,100.5318,"Orthopedics, Surgery, Cardiology, Psychiatry, Anesthesiology, Obstetrics, Pediatrics",critical,Level 1,True,195,True,1400,1067,76.21,63,high,9,16,normal,10,6,42,https://www.chulamedicine.org,Public Hospital Directories,2026-04-25T06:53:14.082833,0.95,1,high,
HOSP-THA-00177,Bumrungrad International Hospital,Bangkok,Bangkok,Thailand,13.7446,100.5608,"Gynecology, Neurology, Internal Medicine",medium,Level 2,True,31,True,580,488,84.14,49,low,3,12,normal,8,9,39,https://www.bumrungrad.com,Public Hospital Directories,2026-04-24T10:53:14.082908,0.95,1,medium,
HOSP-THA-00178,Bangkok Hospital,Bangkok,Bangkok,Thailand,13.7513,100.5469,"Anesthesiology, Dermatology, Internal Medicine",critical,Level 2,True,46,True,554,400,72.2,91,high,3,16,normal,7,5,24,https://www.bangkokhospital.com,Public Hospital Directories,2026-04-24T22:53:14.082982,0.95,2,low,
HOSP-MAL-00179,Hospital Kuala Lumpur,Kuala Lumpur,Federal Territory,Malaysia,3.1673,101.7061,"Radiology, Anesthesiology, Oncology, Pediatrics, Surgery, Orthopedics, Psychiatry, Dermatology, Cardiology, Gynecology, Obstetrics",high,Level 2,True,259,True,2300,1865,81.09,64,low,15,14,normal,7,7,36,https://www.hkl.gov.my,Public Hospital Directories,2026-04-24T09:53:14.083068,0.95,2,low,
HOSP-MAL-00180,Gleneagles Hospital Kuala Lumpur,Kuala Lumpur,Federal Territory,Malaysia,3.1645,101.6732,"Anesthesiology, Obstetrics, Emergency Medicine",medium,None,True,42,True,330,288,87.27,237,medium,2,14,alert,10,8,31,https://www.gleneagles.com.my,Public Hospital Directories,2026-04-23T23:53:14.083144,0.95,0,medium,
HOSP-MAL-00181,Prince Court Medical Centre,Kuala Lumpur,Federal Territory,Malaysia,3.1412,101.7051,"Oncology, Ophthalmology, Surgery",high,Level 2,True,21,True,270,240,88.89,90,high,2,20,normal,8,7,26,https://www.princecourt.com,Public Hospital Directories,2026-04-24T14:53:14.083220,0.95,1,low,
HOSP-PHI-00182,Philippine General Hospital,Manila,Metro Manila,Philippines,14.5794,120.9869,"Radiology, Obstetrics, Orthopedics, Neurology, Oncology, Gynecology, Ophthalmology",critical,Level 1,True,214,True,1500,1155,77.0,58,high,10,8,normal,8,5,36,https://www.pgh.gov.ph,Public Hospital Directories,2026-04-24T14:53:14.083295,0.95,2,medium,
HOSP-PHI-00183,St. Luke's Medical Center,Manila,Metro Manila,Philippines,14.5547,121.0493,"Internal Medicine, Surgery, Psychiatry",medium,Level 1,True,65,True,650,458,70.46,47,medium,4,11,normal,9,5,24,https://www.stluke.com.ph,Public Hospital Directories,2026-04-24T22:53:14.083369,0.95,2,medium,
HOSP-PHI-00184,Makati Medical Center,Manila,Metro Manila,Philippines,14.5547,121.0244,"Ophthalmology, Surgery, Neurology",medium,Level 2,True,47,True,600,473,78.83,164,critical,4,23,normal,9,5,36,https://www.makatimed.net.ph,Public Hospital Directories,2026-04-24T14:53:14.083443,0.95,1,medium,
HOSP-IND-00185,Cipto Mangunkusumo Hospital,Jakarta,Jakarta,Indonesia,-6.1862,106.831,"Cardiology, Neurology, Gynecology, Pediatrics, Psychiatry, Radiology, Orthopedics",critical,Level 2,True,100,True,1400,1188,84.86,87,medium,9,25,normal,9,6,10,https://www.rscm.co.id,Public Hospital Directories,2026-04-24T15:53:14.083519,0.95,1,low,
HOSP-IND-00186,Harapan Kita National Heart Center,Jakarta,Jakarta,Indonesia,-6.1851,106.7833,"Radiology, Psychiatry, Emergency Medicine",medium,Level 3,True,46,True,330,237,71.82,75,high,2,11,normal,8,5,18,https://www.jantung.or.id,Public Hospital Directories,2026-04-25T07:53:14.083593,0.95,0,low,
HOSP-IND-00187,Siloam Hospitals Lippo Village,Jakarta,Jakarta,Indonesia,-6.2527,106.6199,"Anesthesiology, Gynecology, Ophthalmology",medium,Level 3,True,35,True,350,306,87.43,193,low,2,8,alert,10,8,19,https://www.siloamhospitals.com,Public Hospital Directories,2026-04-24T15:53:14.083668,0.95,1,high,
HOSP-IND-00188,All India Institute of Medical Sciences,Delhi,Delhi,India,28.5672,77.21,"Psychiatry, Ophthalmology, Anesthesiology, Emergency Medicine, Obstetrics, Pediatrics, Radiology, Oncology, Dermatology, Surgery, Internal Medicine, Orthopedics",high,Level 2,True,340,True,2478,2119,85.51,134,high,16,15,alert,7,6,18,https://www.aiims.edu,Public Hospital Directories,2026-04-24T04:53:14.083746,0.95,2,high,
HOSP-IND-00189,Safdarjung Hospital,Delhi,Delhi,India,28.5699,77.2074,"Gynecology, Cardiology, Pediatrics, Obstetrics, Emergency Medicine, Neurology, Orthopedics, Radiology",critical,Level 1,True,181,True,1682,1520,90.37,172,low,11,16,overload,7,6,29,https://www.vmmc-sjh.nic.in,Public Hospital Directories,2026-04-25T15:53:14.083824,0.95,0,low,
HOSP-IND-00190,Apollo Hospital Delhi,Delhi,Delhi,India,28.5412,77.2722,"Psychiatry, Neurology, Oncology",critical,Level 2,True,66,True,710,607,85.49,231,high,4,16,normal,6,9,10,https://www.apollohospitalsdelhi.com,Public Hospital Directories,2026-04-23T22:53:14.083900,0.95,1,low,
HOSP-IND-00191,Fortis Escorts Heart Institute,Delhi,Delhi,India,28.5926,77.2124,"Ophthalmology, Obstetrics, Orthopedics",medium,Level 3,True,34,True,310,206,66.45,111,high,2,15,normal,6,5,26,https://www.fortisescorts.in,Public Hospital Directories,2026-04-25T03:53:14.083974,0.95,2,medium,
HOSP-IND-00192,Nimhans,Bangalore,Karnataka,India,12.9433,77.5959,"Emergency Medicine, Obstetrics, Gynecology, Oncology",medium,Level 1,True,117,True,800,620,77.5,111,high,5,11,normal,8,6,30,https://www.nimhans.ac.in,Public Hospital Directories,2026-04-24T02:53:14.084048,0.95,1,high,
HOSP-IND-00193,Manipal Hospital,Bangalore,Karnataka,India,12.9698,77.6457,"Radiology, Anesthesiology, Dermatology",medium,Level 2,True,55,True,650,506,77.85,70,medium,4,24,normal,9,4,26,https://www.manipalhospitals.com/bangalore,Public Hospital Directories,2026-04-25T13:53:14.084123,0.95,3,low,
HOSP-IND-00194,Apollo Hospital Bangalore,Bangalore,Karnataka,India,12.9126,77.6339,"Surgery, Pediatrics, Psychiatry",medium,Level 2,True,31,True,250,203,81.2,106,medium,2,22,normal,10,7,39,https://www.apollohospitals.com/bangalore,Public Hospital Directories,2026-04-25T19:53:14.084199,0.95,2,high,
HOSP-IND-00195,Apollo Hospital Chennai,Chennai,Tamil Nadu,India,13.0569,80.2422,"Internal Medicine, Psychiatry, Orthopedics",high,Level 3,True,52,True,550,386,70.18,82,high,3,13,normal,6,6,39,https://www.apollohospitals.com/chennai,Public Hospital Directories,2026-04-24T05:53:14.084273,0.95,0,low,
HOSP-IND-00196,Christian Medical College Vellore,Chennai,Tamil Nadu,India,12.9262,79.1344,"Obstetrics, Neurology, Gynecology, Psychiatry, Radiology, Surgery, Pediatrics, Oncology, Emergency Medicine, Anesthesiology, Cardiology, Internal Medicine, Ophthalmology",critical,Level 1,True,375,True,2698,1818,67.38,209,critical,17,10,normal,6,7,25,https://www.cmch-vellore.edu,Public Hospital Directories,2026-04-24T14:53:14.084351,0.95,8,medium,
HOSP-IND-00197,Fortis Malar Hospital,Chennai,Tamil Nadu,India,13.0606,80.252,"Emergency Medicine, Gynecology, Obstetrics",medium,Level 5,True,18,True,180,122,67.78,31,medium,2,18,normal,7,4,16,https://www.fortismalar.com,Public Hospital Directories,2026-04-24T01:53:14.084437,0.95,5,medium,
HOSP-PAK-00198,Aga Khan University Hospital,Karachi,Sindh,Pakistan,24.8903,67.0721,"Obstetrics, Orthopedics, Pediatrics",medium,Level 2,True,55,True,710,604,85.07,232,high,4,23,normal,10,4,24,https://www.aku.edu/akuh,Public Hospital Directories,2026-04-24T03:53:14.084515,0.95,1,low,
HOSP-PAK-00199,Jinnah Postgraduate Medical Centre,Karachi,Sindh,Pakistan,24.8765,67.0351,"Gynecology, Oncology, Ophthalmology, Orthopedics, Emergency Medicine, Neurology, Cardiology",critical,Level 2,True,160,True,1400,1072,76.57,85,medium,9,16,normal,6,7,12,https://www.jpmc.edu.pk,Public Hospital Directories,2026-04-25T21:53:14.084592,0.95,1,low,
HOSP-BAN-00200,Dhaka Medical College Hospital,Dhaka,Dhaka,Bangladesh,23.7261,90.3987,"Obstetrics, Surgery, Oncology, Psychiatry, Dermatology, Cardiology, Ophthalmology, Emergency Medicine, Pediatrics, Internal Medicine, Neurology, Orthopedics, Radiology",high,Level 2,True,362,True,2600,2389,91.88,173,medium,17,12,alert,6,6,16,https://www.dmch.gov.bd,Public Hospital Directories,2026-04-25T17:53:14.084670,0.95,20,low,
HOSP-BAN-00201,Bangabandhu Sheikh Mujib Medical University,Dhaka,Dhaka,Bangladesh,23.7386,90.3948,"Surgery, Dermatology, Oncology, Cardiology, Psychiatry, Gynecology, Obstetrics, Radiology, Internal Medicine",high,Level 1,True,126,True,1850,1513,81.78,111,high,12,14,alert,6,9,42,https://www.bsmmu.edu.bd,Public Hospital Directories,2026-04-25T05:53:14.084749,0.95,1,high,
HOSP-AUS-00202,Royal Melbourne Hospital,Melbourne,Victoria,Australia,-37.7993,144.9554,"Oncology, Ophthalmology, Pediatrics",high,Level 3,True,46,True,550,431,78.36,104,high,3,24,normal,7,7,21,https://www.thermh.org.au,Public Hospital Directories,2026-04-25T20:53:14.084824,0.95,0,low,
HOSP-AUS-00203,Alfred Hospital,Melbourne,Victoria,Australia,-37.8471,144.9816,"Internal Medicine, Oncology, Obstetrics, Orthopedics",high,Level 3,True,108,True,920,617,67.07,49,medium,6,24,normal,10,7,28,https://www.alfredhealth.org.au,Public Hospital Directories,2026-04-25T01:53:14.084899,0.95,3,low,
HOSP-AUS-00204,Monash Medical Centre,Melbourne,Victoria,Australia,-37.9228,145.1372,"Obstetrics, Radiology, Oncology",critical,Level 3,True,88,True,640,477,74.53,94,high,4,23,normal,8,4,13,https://www.monashhealth.org,Public Hospital Directories,2026-04-25T16:53:14.084986,0.95,1,low,
HOSP-AUS-00205,Royal Brisbane and Women's Hospital,Brisbane,Queensland,Australia,-27.448,153.0285,"Dermatology, Pediatrics, Ophthalmology, Internal Medicine",high,Level 3,True,60,True,929,750,80.73,62,low,6,24,normal,9,4,35,https://www.health.qld.gov.au/rbwh,Public Hospital Directories,2026-04-25T14:53:14.085063,0.95,0,medium,
HOSP-AUS-00206,Princess Alexandra Hospital,Brisbane,Queensland,Australia,-27.4999,153.0306,"Pediatrics, Anesthesiology, Internal Medicine",critical,Level 1,True,109,True,738,492,66.67,98,critical,4,22,normal,7,7,27,https://www.health.qld.gov.au/metrosouthhealth/pah,Public Hospital Directories,2026-04-24T22:53:14.085138,0.95,0,low,
HOSP-NEW-00207,Auckland City Hospital,Auckland,Auckland,New Zealand,-36.8602,174.768,"Oncology, Orthopedics, Emergency Medicine",high,Level 2,True,48,True,640,564,88.12,126,medium,4,20,normal,6,9,18,https://www.adhb.health.nz,Public Hospital Directories,2026-04-25T18:53:14.085215,0.95,0,low,
HOSP-NEW-00208,Middlemore Hospital,Auckland,Auckland,New Zealand,-37.0086,174.8967,"Oncology, Gynecology, Cardiology, Psychiatry",critical,Level 1,True,60,True,800,578,72.25,38,medium,5,16,normal,8,9,13,https://www.countiesmanukau.health.nz,Public Hospital Directories,2026-04-25T06:53:14.085289,0.95,1,medium,
HOSP-NEW-00209,Wellington Regional Hospital,Wellington,Wellington,New Zealand,-41.3092,174.7791,"Oncology, Obstetrics, Psychiatry",high,Level 3,True,40,True,500,378,75.6,85,medium,3,22,normal,8,8,38,https://www.ccdhb.org.nz/our-services/hospitals-and-specialist-centres/wellington-regional-hospital,Public Hospital Directories,2026-04-24T22:53:14.085364,0.95,0,medium,
HOSP-SOU-00210,Groote Schuur Hospital,Cape Town,Western Cape,South Africa,-33.9408,18.4625,"Dermatology, Anesthesiology, Internal Medicine, Obstetrics",high,Level 1,True,56,True,973,814,83.66,105,medium,6,9,normal,8,6,37,https://www.westerncape.gov.za/gsh,Public Hospital Directories,2026-04-25T16:53:14.085440,0.95,0,low,
HOSP-SOU-00211,Tygerberg Hospital,Cape Town,Western Cape,South Africa,-33.8919,18.6304,"Oncology, Radiology, Orthopedics, Obstetrics, Dermatology, Internal Medicine",critical,Level 1,True,159,True,1384,1139,82.3,86,low,9,11,normal,7,5,16,https://www.westerncape.gov.za/tygerberg,Public Hospital Directories,2026-04-24T23:53:14.085518,0.95,1,low,
HOSP-SOU-00212,Mediclinic Cape Town,Cape Town,Western Cape,South Africa,-33.9388,18.465,"Neurology, Anesthesiology, Emergency Medicine",high,Level 3,True,30,True,243,211,86.83,112,medium,2,15,normal,6,9,31,https://www.mediclinic.co.za/capetown,Public Hospital Directories,2026-04-24T14:53:14.085594,0.95,1,low,
HOSP-SOU-00213,Inkosi Albert Luthuli Central Hospital,Durban,KwaZulu-Natal,South Africa,-29.8468,31.0144,"Anesthesiology, Neurology, Emergency Medicine, Internal Medicine",medium,Level 2,True,110,True,846,697,82.39,59,medium,5,16,alert,10,4,23,https://www.kznhealth.gov.za/ialch.htm,Public Hospital Directories,2026-04-24T00:53:14.085670,0.95,0,low,
HOSP-SOU-00214,Addington Hospital,Durban,KwaZulu-Natal,South Africa,-29.8692,31.0304,"Ophthalmology, Pediatrics, Surgery",medium,Level 1,True,37,True,509,347,68.17,199,critical,3,15,normal,6,6,22,https://www.kznhealth.gov.za/addingtonhospital.htm,Public Hospital Directories,2026-04-24T01:53:14.085745,0.95,0,low,
HOSP-KEN-00215,Kenyatta National Hospital,Nairobi,Nairobi,Kenya,-1.3006,36.8073,"Psychiatry, Oncology, Dermatology, Orthopedics, Obstetrics, Gynecology, Radiology, Surgery, Emergency Medicine",high,Level 1,True,236,True,1800,1303,72.39,146,critical,12,18,normal,9,7,34,https://www.knh.or.ke,Public Hospital Directories,2026-04-24T07:53:14.085822,0.95,5,high,
HOSP-KEN-00216,Aga Khan University Hospital Nairobi,Nairobi,Nairobi,Kenya,-1.2717,36.8071,"Pediatrics, Obstetrics, Cardiology",high,Level 2,True,26,True,254,191,75.2,59,high,2,22,normal,6,4,35,https://www.aku.edu/nairobi,Public Hospital Directories,2026-04-24T15:53:14.085896,0.95,2,low,
HOSP-KEN-00217,Nairobi Hospital,Nairobi,Nairobi,Kenya,-1.2826,36.81,"Internal Medicine, Ophthalmology, Psychiatry",low,None,True,13,True,200,167,83.5,104,medium,2,23,alert,6,7,20,https://www.nairobihospital.org,Public Hospital Directories,2026-04-24T16:53:14.085972,0.95,1,low,
HOSP-NIG-00218,Lagos University Teaching Hospital,Lagos,Lagos,Nigeria,6.4974,3.3804,"Oncology, Internal Medicine, Pediatrics",high,Level 2,True,52,True,761,606,79.63,114,low,5,10,normal,9,9,40,https://www.luth.gov.ng,Public Hospital Directories,2026-04-24T23:53:14.086046,0.95,1,low,
HOSP-NIG-00219,Lagos State University Teaching Hospital,Lagos,Lagos,Nigeria,6.5568,3.3672,"Dermatology, Neurology, Surgery",high,Level 3,True,73,True,750,633,84.4,65,low,5,24,normal,8,5,30,https://www.lasuth.gov.ng,Public Hospital Directories,2026-04-24T10:53:14.086122,0.95,1,low,
HOSP-NIG-00220,Reddington Hospital,Lagos,Lagos,Nigeria,6.4478,3.4109,"Psychiatry, Anesthesiology, Internal Medicine",low,Level 4,False,0,False,120,97,80.83,48,medium,2,25,normal,7,4,23,https://www.reddingtonhospital.com,Public Hospital Directories,2026-04-24T19:53:14.086197,0.95,2,medium,
HOSP-GHA-00221,Korle Bu Teaching Hospital,Accra,Greater Accra,Ghana,5.5373,-0.2266,"Ophthalmology, Obstetrics, Oncology, Radiology, Gynecology, Pediatrics, Neurology, Surgery, Dermatology, Orthopedics",high,Level 1,True,268,True,2000,1715,85.75,213,medium,13,8,normal,9,6,26,https://www.kbth.gov.gh,Public Hospital Directories,2026-04-24T08:53:14.086274,0.95,1,medium,
HOSP-GHA-00222,37 Military Hospital,Accra,Greater Accra,Ghana,5.6037,-0.187,"Oncology, Pediatrics, Gynecology",medium,Level 2,True,41,True,500,458,91.6,110,medium,3,11,overload,8,7,35,https://www.37militaryhospital.org,Public Hospital Directories,2026-04-25T17:53:14.086350,0.95,1,low,
HOSP-ETH-00223,Tikur Anbessa Hospital,Addis Ababa,Addis Ababa,Ethiopia,9.0366,38.7635,"Obstetrics, Ophthalmology, Orthopedics",critical,Level 2,True,103,True,700,464,66.29,91,high,4,18,normal,7,8,13,https://www.aau.edu.et/tash,Public Hospital Directories,2026-04-24T08:53:14.086423,0.95,3,low,
HOSP-ETH-00224,St. Paul's Hospital Millennium Medical College,Addis Ababa,Addis Ababa,Ethiopia,8.9984,38.7592,"Anesthesiology, Ophthalmology, Dermatology",critical,Level 3,True,80,True,700,569,81.29,64,high,4,20,normal,9,4,19,https://www.sphmmc.edu.et,Public Hospital Directories,2026-04-25T09:53:14.086499,0.95,2,low,
HOSP-MOR-00225,CHU Ibn Rochd,Casablanca,Casablanca-Settat,Morocco,33.5833,-7.6167,"Oncology, Anesthesiology, Psychiatry, Obstetrics, Internal Medicine, Surgery",critical,Level 1,True,72,True,1200,1013,84.42,61,high,8,15,normal,6,9,13,https://www.chu-ibnrochd.ma,Public Hospital Directories,2026-04-25T18:53:14.086575,0.95,0,low,
HOSP-MOR-00226,Clinique Badr,Casablanca,Casablanca-Settat,Morocco,33.5925,-7.6192,"Oncology, Orthopedics, Radiology",medium,Level 4,False,0,True,100,82,82.0,49,medium,2,19,normal,8,9,40,https://www.cliniquebadr.ma,Public Hospital Directories,2026-04-24T05:53:14.086652,0.95,0,low,
HOSP-ISR-00227,Tel Aviv Sourasky Medical Center,Tel Aviv,Tel Aviv,Israel,32.0743,34.7911,"Internal Medicine, Emergency Medicine, Gynecology, Radiology, Psychiatry, Dermatology, Ophthalmology",high,Level 1,True,209,True,1500,1036,69.07,16,low,10,11,normal,7,6,26,https://www.tasmc.org.il,Public Hospital Directories,2026-04-24T22:53:14.086727,0.95,0,low,
HOSP-ISR-00228,Sheba Medical Center,Tel Aviv,Tel Aviv,Israel,32.0582,34.8017,"Radiology, Ophthalmology, Anesthesiology, Orthopedics, Gynecology, Neurology, Psychiatry, Surgery, Oncology",critical,Level 2,True,138,True,1990,1394,70.05,49,medium,13,9,normal,9,6,12,https://www.shebaonline.org,Public Hospital Directories,2026-04-24T18:53:14.086803,0.95,5,medium,
HOSP-ISR-00229,Hadassah Medical Center,Jerusalem,Jerusalem,Israel,31.7974,35.1415,"Ophthalmology, Neurology, Pediatrics, Dermatology, Cardiology",high,Level 2,True,116,True,1000,872,87.2,201,medium,6,14,alert,8,4,18,https://www.hadassah.org.il,Public Hospital Directories,2026-04-24T02:53:14.086878,0.95,0,low,
HOSP-TUR-00230,Istanbul University Cerrahpaşa Hospital,Istanbul,Istanbul,Turkey,41.0015,28.9439,"Radiology, Ophthalmology, Anesthesiology, Oncology, Cardiology, Neurology",critical,Level 1,True,125,True,1200,802,66.83,38,medium,8,22,normal,8,6,27,https://www.cerrahpasa.istanbul.edu.tr,Public Hospital Directories,2026-04-24T16:53:14.086954,0.95,3,low,
HOSP-TUR-00231,American Hospital Istanbul,Istanbul,Istanbul,Turkey,41.0726,29.0333,"Gynecology, Obstetrics, Dermatology",high,Level 3,True,18,True,230,150,65.22,28,low,2,10,normal,7,7,20,https://www.americanhospital.org,Public Hospital Directories,2026-04-25T01:53:14.087029,0.95,3,low,
HOSP-TUR-00232,Acıbadem Maslak Hospital,Istanbul,Istanbul,Turkey,41.1098,29.0198,"Emergency Medicine, Orthopedics, Neurology",medium,Level 2,True,19,True,201,178,88.56,130,medium,2,21,normal,6,8,13,https://www.acibadem.com.tr,Public Hospital Directories,2026-04-25T06:53:14.087113,0.95,1,medium,
HOSP-TUR-00233,Ankara University Faculty of Medicine Hospital,Ankara,Ankara,Turkey,39.9334,32.8597,"Orthopedics, Internal Medicine, Radiology, Anesthesiology, Surgery, Neurology",critical,Level 2,True,91,True,1200,850,70.83,29,medium,8,16,normal,7,5,33,https://www.medicine.ankara.edu.tr,Public Hospital Directories,2026-04-24T01:53:14.087189,0.95,3,low,
HOSP-TUR-00234,Hacettepe University Hospitals,Ankara,Ankara,Turkey,39.8629,32.7338,"Cardiology, Psychiatry, Neurology, Ophthalmology, Gynecology, Radiology, Dermatology",high,Level 2,True,97,True,1400,1204,86.0,141,low,9,17,normal,10,5,34,https://www.hastane.hacettepe.edu.tr,Public Hospital Directories,2026-04-25T17:53:14.087267,0.95,1,low,
HOSP-SAU-00235,King Faisal Specialist Hospital,Riyadh,Riyadh,Saudi Arabia,24.6866,46.6843,"Ophthalmology, Neurology, Anesthesiology, Cardiology, Orthopedics",critical,Level 1,True,62,True,1100,949,86.27,179,high,7,25,alert,8,9,18,https://www.kfshrc.edu.sa,Public Hospital Directories,2026-04-24T05:53:14.087344,0.95,0,low,
HOSP-SAU-00236,King Fahad Medical City,Riyadh,Riyadh,Saudi Arabia,24.7581,46.6848,"Orthopedics, Internal Medicine, Obstetrics, Oncology, Ophthalmology, Gynecology",critical,Level 2,True,180,True,1295,996,76.91,106,low,8,21,normal,10,4,33,https://www.kfmc.med.sa,Public Hospital Directories,2026-04-24T00:53:14.087425,0.95,5,low,
HOSP-SAU-00237,King Khalid University Hospital,Riyadh,Riyadh,Saudi Arabia,24.7136,46.6753,"Gynecology, Pediatrics, Dermatology, Psychiatry",high,Level 3,True,71,True,850,583,68.59,23,medium,5,16,normal,9,7,34,https://www.kkuh.edu.sa,Public Hospital Directories,2026-04-24T09:53:14.087501,0.95,1,low,
HOSP-SAU-00238,King Abdulaziz University Hospital,Jeddah,Makkah,Saudi Arabia,21.5169,39.2006,"Gynecology, Emergency Medicine, Oncology, Obstetrics",critical,Level 1,True,97,True,870,719,82.64,57,high,5,15,normal,7,9,40,https://www.kauh.edu.sa,Public Hospital Directories,2026-04-24T22:53:14.087578,0.95,0,low,
HOSP-SAU-00239,King Fahd General Hospital,Jeddah,Makkah,Saudi Arabia,21.5429,39.1728,"Anesthesiology, Cardiology, Radiology",high,Level 1,True,47,True,650,496,76.31,80,medium,4,11,normal,9,7,33,https://www.kfgh.med.sa,Public Hospital Directories,2026-04-24T01:53:14.087655,0.95,0,low,
HOSP-QAT-00240,Hamad General Hospital,Doha,Doha,Qatar,25.2854,51.531,"Ophthalmology, Oncology, Anesthesiology",high,Level 2,True,43,True,603,461,76.45,103,medium,4,19,normal,6,8,23,https://www.hamad.qa/EN/Hospitals-and-services/Hamad-General-Hospital/Pages/default.aspx,Public Hospital Directories,2026-04-24T15:53:14.087734,0.95,2,medium,
HOSP-QAT-00241,Al Wakra Hospital,Doha,Doha,Qatar,25.1698,51.6047,"Obstetrics, Orthopedics, Oncology",medium,Level 3,True,43,True,325,239,73.54,50,high,2,17,normal,10,8,41,https://www.hamad.qa,Public Hospital Directories,2026-04-24T05:53:14.087811,0.95,2,low,
HOSP-KUW-00242,Al-Amiri Hospital,Kuwait City,Kuwait,Kuwait,29.3759,47.9916,"Pediatrics, Emergency Medicine, Obstetrics",high,Level 3,True,55,True,500,331,66.2,96,critical,3,13,normal,7,7,21,https://www.moh.gov.kw,Public Hospital Directories,2026-04-24T00:53:14.087890,0.95,2,low,
HOSP-KUW-00243,Mubarak Al-Kabeer Hospital,Kuwait City,Kuwait,Kuwait,29.2894,48.0838,"Oncology, Anesthesiology, Pediatrics",high,Level 1,True,76,True,678,441,65.04,65,high,4,24,normal,7,6,42,https://www.moh.gov.kw,Public Hospital Directories,2026-04-24T14:53:14.087965,0.95,1,low,
HOSP-JOR-00244,Jordan University Hospital,Amman,Amman,Jordan,32.0113,35.8717,"Pediatrics, Orthopedics, Surgery",high,Level 2,True,39,True,600,416,69.33,113,high,4,14,normal,9,5,20,https://www.juh.edu.jo,Public Hospital Directories,2026-04-25T11:53:14.088041,0.95,0,low,
HOSP-JOR-00245,King Hussein Cancer Center,Amman,Amman,Jordan,32.006,35.9031,"Pediatrics, Emergency Medicine, Obstetrics",high,Level 2,True,32,True,260,203,78.08,58,high,2,17,normal,8,7,24,https://www.khcc.jo,Public Hospital Directories,2026-04-24T13:53:14.088120,0.95,20,low,
HOSP-LEB-00246,American University of Beirut Medical Center,Beirut,Beirut,Lebanon,33.9,35.4832,"Gynecology, Internal Medicine, Orthopedics",medium,None,True,53,True,420,327,77.86,58,high,2,14,normal,9,4,33,https://www.aubmc.org,Public Hospital Directories,2026-04-25T18:53:14.088196,0.95,0,medium,
HOSP-LEB-00247,Hotel-Dieu de France Hospital,Beirut,Beirut,Lebanon,33.8897,35.5219,"Surgery, Psychiatry, Gynecology",high,None,True,26,True,390,321,82.31,64,high,2,20,alert,10,8,38,https://www.hdf.usj.edu.lb,Public Hospital Directories,2026-04-23T23:53:14.088275,0.95,0,medium,
HOSP-COL-00248,Fundación Santa Fe de Bogotá,Bogotá,Bogotá,Colombia,4.6717,-74.0581,"Internal Medicine, Radiology, Ophthalmology",high,None,True,45,True,350,263,75.14,111,high,2,18,normal,8,5,31,https://www.fsfb.org.co,Public Hospital Directories,2026-04-25T13:53:14.088351,0.95,1,low,
HOSP-COL-00249,Hospital Universitario San Ignacio,Bogotá,Bogotá,Colombia,4.6285,-74.0641,"Orthopedics, Emergency Medicine, Cardiology",medium,Level 3,True,25,True,350,293,83.71,77,medium,2,23,normal,10,9,30,https://www.husi.org.co,Public Hospital Directories,2026-04-25T00:53:14.088429,0.95,0,high,
HOSP-COL-00250,Hospital San José,Bogotá,Bogotá,Colombia,4.6097,-74.0817,"Anesthesiology, Psychiatry, Dermatology",high,Level 2,True,65,True,460,380,82.61,57,high,3,13,alert,9,7,37,https://www.hospitaldesanjose.org.co,Public Hospital Directories,2026-04-25T19:53:14.088506,0.95,3,low,
HOSP-PER-00251,Hospital Nacional Edgardo Rebagliati Martins,Lima,Lima,Peru,-12.0847,-77.0348,"Emergency Medicine, Internal Medicine, Pediatrics, Psychiatry, Surgery",critical,Level 2,True,71,True,1162,855,73.58,26,low,7,23,normal,8,9,41,https://www.hnerm.gob.pe,Public Hospital Directories,2026-04-24T07:53:14.088584,0.95,2,medium,
HOSP-PER-00252,Hospital Guillermo Almenara Irigoyen,Lima,Lima,Peru,-12.0582,-77.0392,"Dermatology, Oncology, Ophthalmology, Obstetrics",high,Level 2,True,112,True,870,668,76.78,60,medium,5,23,normal,10,9,34,https://www.hngai.gob.pe,Public Hospital Directories,2026-04-24T00:53:14.088662,0.95,3,low,
HOSP-PER-00253,Clinica Anglo Americana,Lima,Lima,Peru,-12.0881,-77.0309,"Gynecology, Psychiatry, Dermatology",low,None,True,7,True,80,62,77.5,110,low,2,13,normal,6,5,16,https://www.angloamericana.com.pe,Public Hospital Directories,2026-04-25T03:53:14.088738,0.95,0,low,
HOSP-VEN-00254,Hospital Universitario de Caracas,Caracas,Capital District,Venezuela,10.4891,-66.8895,"Radiology, Cardiology, Neurology",medium,Level 3,True,55,True,600,436,72.67,22,medium,4,9,normal,10,8,34,https://www.huc.org.ve,Public Hospital Directories,2026-04-24T07:53:14.088815,0.95,0,medium,
HOSP-VEN-00255,Centro Médico de Caracas,Caracas,Capital District,Venezuela,10.4876,-66.8486,"Internal Medicine, Cardiology, Dermatology",medium,Level 3,True,29,True,276,201,72.83,47,high,2,12,normal,10,9,38,https://www.centromedicocaracas.com,Public Hospital Directories,2026-04-25T20:53:14.088891,0.95,2,high,
HOSP-CAN-00256,McGill University Health Centre,Montreal,Quebec,Canada,45.4954,-73.6106,"Psychiatry, Ophthalmology, Radiology, Emergency Medicine, Dermatology",high,Level 2,True,93,True,1000,890,89.0,225,low,6,10,alert,7,7,22,https://www.muhc.ca,Public Hospital Directories,2026-04-24T06:53:14.088996,0.95,0,low,
HOSP-CAN-00257,CHU Sainte-Justine,Montreal,Quebec,Canada,45.5136,-73.6249,"Ophthalmology, Pediatrics, Emergency Medicine",medium,None,True,70,True,500,369,73.8,43,medium,3,14,normal,7,4,34,https://www.chusj.org,Public Hospital Directories,2026-04-24T23:53:14.089076,0.95,2,low,
HOSP-CAN-00258,Jewish General Hospital,Montreal,Quebec,Canada,45.4987,-73.6345,"Pediatrics, Internal Medicine, Orthopedics",medium,Level 1,True,59,True,637,560,87.91,206,medium,4,16,normal,6,9,34,https://www.jgh.ca,Public Hospital Directories,2026-04-24T15:53:14.089154,0.95,1,low,
HOSP-CAN-00259,Vancouver General Hospital,Vancouver,British Columbia,Canada,49.2616,-123.1226,"Surgery, Gynecology, Obstetrics, Neurology",critical,Level 1,True,112,True,950,624,65.68,108,critical,6,17,normal,6,7,12,https://www.vch.ca/locations-services/vgh,Public Hospital Directories,2026-04-25T18:53:14.089230,0.95,0,high,
HOSP-CAN-00260,St. Paul's Hospital Vancouver,Vancouver,British Columbia,Canada,49.2799,-123.1246,"Oncology, Surgery, Obstetrics",critical,Level 1,True,76,True,548,487,88.87,185,low,3,16,normal,7,4,30,https://www.sphv.ca,Public Hospital Directories,2026-04-24T02:53:14.089308,0.95,0,low,
HOSP-CAN-00261,BC Children's Hospital,Vancouver,British Columbia,Canada,49.2426,-123.1219,"Dermatology, Oncology, Cardiology",medium,Level 3,True,34,True,306,231,75.49,102,medium,2,15,normal,10,4,37,https://www.bcchildrens.ca,Public Hospital Directories,2026-04-25T18:53:14.089383,0.95,1,low,
HOSP-CAN-00262,Foothills Medical Centre,Calgary,Alberta,Canada,51.0641,-114.133,"Internal Medicine, Pediatrics, Orthopedics, Anesthesiology, Emergency Medicine",critical,Level 1,True,106,True,1140,798,70.0,24,low,7,9,normal,7,9,44,https://www.albertahealthservices.ca/fmc,Public Hospital Directories,2026-04-23T22:53:14.089461,0.95,0,medium,
HOSP-CAN-00263,Peter Lougheed Centre,Calgary,Alberta,Canada,51.0905,-113.9659,"Dermatology, Emergency Medicine, Ophthalmology",high,Level 1,True,70,True,606,418,68.98,46,high,4,11,normal,8,5,16,https://www.albertahealthservices.ca/plc,Public Hospital Directories,2026-04-25T12:53:14.089539,0.95,2,medium,
HOSP-CAN-00264,The Ottawa Hospital,Ottawa,Ontario,Canada,45.4119,-75.6968,"Neurology, Oncology, Anesthesiology, Cardiology, Internal Medicine",high,Level 1,True,59,True,1100,741,67.36,55,medium,7,17,normal,6,7,44,https://www.ottawahospital.on.ca,Public Hospital Directories,2026-04-23T22:53:14.089615,0.95,3,low,
HOSP-CAN-00265,Children's Hospital of Eastern Ontario,Ottawa,Ontario,Canada,45.4177,-75.6517,"Cardiology, Orthopedics, Anesthesiology",medium,None,True,16,True,167,149,89.22,227,medium,2,11,alert,8,5,40,https://www.cheo.on.ca,Public Hospital Directories,2026-04-24T16:53:14.089691,0.95,0,low,
HOSP-USA-00266,Mayo Clinic Hospital Phoenix,Phoenix,Arizona,USA,33.5063,-111.9784,"Cardiology, Surgery, Pediatrics",medium,Level 3,True,16,True,280,201,71.79,40,medium,2,25,normal,8,7,31,https://www.mayoclinic.org/phoenix,Public Hospital Directories,2026-04-23T22:53:14.089766,0.95,0,low,
HOSP-USA-00267,Banner University Medical Center Phoenix,Phoenix,Arizona,USA,33.451,-112.0679,"Neurology, Oncology, Orthopedics",critical,Level 2,True,88,True,688,473,68.75,30,low,4,18,normal,7,4,23,https://www.bannerhealth.com/locations/phoenix,Public Hospital Directories,2026-04-25T09:53:14.089841,0.95,0,low,
HOSP-USA-00268,HonorHealth Scottsdale Osborn Medical Center,Phoenix,Arizona,USA,33.4942,-111.9264,"Oncology, Radiology, Pediatrics",high,Level 3,True,23,True,347,291,83.86,59,low,2,25,normal,9,7,37,https://www.honorhealth.com/locations/osborn,Public Hospital Directories,2026-04-23T23:53:14.089918,0.95,1,high,
HOSP-USA-00269,UCHealth University of Colorado Hospital,Denver,Colorado,USA,39.7439,-104.8339,"Cardiology, Emergency Medicine, Anesthesiology",high,Level 2,True,45,True,672,502,74.7,38,medium,4,24,normal,7,7,26,https://www.uchealth.org/locations/uchealth-university-of-colorado-hospital,Public Hospital Directories,2026-04-24T09:53:14.089993,0.95,0,low,
HOSP-USA-00270,Denver Health Medical Center,Denver,Colorado,USA,39.7321,-104.9917,"Pediatrics, Psychiatry, Ophthalmology",high,Level 3,True,49,True,525,393,74.86,49,high,3,20,normal,7,6,12,https://www.denverhealth.org,Public Hospital Directories,2026-04-25T21:53:14.090068,0.95,5,low,
HOSP-USA-00271,Children's Hospital Colorado,Denver,Colorado,USA,39.7467,-104.8355,"Oncology, Radiology, Psychiatry",high,Level 1,True,26,True,520,431,82.88,118,low,3,8,normal,7,4,25,https://www.childrenscolorado.org,Public Hospital Directories,2026-04-25T20:53:14.090144,0.95,5,high,
HOSP-USA-00272,Emory University Hospital,Atlanta,Georgia,USA,33.7949,-84.3244,"Obstetrics, Radiology, Orthopedics",high,Level 1,True,78,True,587,522,88.93,138,high,3,25,alert,7,8,36,https://www.emoryhealthcare.org/emory-university-hospital,Public Hospital Directories,2026-04-25T21:53:14.090220,0.95,1,medium,
HOSP-USA-00273,Grady Memorial Hospital,Atlanta,Georgia,USA,33.7558,-84.3863,"Cardiology, Radiology, Psychiatry, Dermatology",high,Level 2,True,69,True,953,672,70.51,26,low,6,19,normal,9,8,16,https://www.gradyhealth.org,Public Hospital Directories,2026-04-24T15:53:14.090296,0.95,2,low,
HOSP-USA-00274,Piedmont Atlanta Hospital,Atlanta,Georgia,USA,33.7907,-84.378,"Pediatrics, Oncology, Surgery",medium,Level 2,True,35,True,511,452,88.45,123,low,3,13,alert,7,6,33,https://www.piedmont.org/locations/piedmont-atlanta-hospital,Public Hospital Directories,2026-04-25T20:53:14.090372,0.95,0,medium,
HOSP-USA-00275,UT Southwestern Medical Center,Dallas,Texas,USA,32.8139,-96.8475,"Obstetrics, Internal Medicine, Dermatology, Pediatrics",critical,Level 2,True,97,True,865,734,84.86,102,low,5,25,normal,10,6,43,https://www.utsouthwestern.edu/patients,Public Hospital Directories,2026-04-24T19:53:14.090448,0.95,2,medium,
HOSP-USA-00276,Parkland Memorial Hospital,Dallas,Texas,USA,32.7977,-96.8364,"Gynecology, Anesthesiology, Internal Medicine, Ophthalmology",critical,Level 2,True,46,True,870,706,81.15,117,medium,5,25,alert,10,5,35,https://www.parklandhospital.com,Public Hospital Directories,2026-04-25T21:53:14.090524,0.95,0,low,
HOSP-USA-00277,Baylor University Medical Center,Dallas,Texas,USA,32.7862,-96.7886,"Emergency Medicine, Neurology, Dermatology, Surgery",high,Level 3,True,72,True,875,617,70.51,104,high,5,10,normal,8,4,20,https://www.baylorhealth.com/locations/dallas,Public Hospital Directories,2026-04-24T15:53:14.090599,0.95,0,low,
HOSP-USA-00278,University Medical Center of Southern Nevada,Las Vegas,Nevada,USA,36.1699,-115.1398,"Pediatrics, Anesthesiology, Orthopedics",high,Level 2,True,43,True,541,476,87.99,173,high,3,13,alert,8,9,26,https://www.umcsn.com,Public Hospital Directories,2026-04-24T22:53:14.090675,0.95,1,high,
HOSP-USA-00279,Sunrise Hospital and Medical Center,Las Vegas,Nevada,USA,36.129,-115.1049,"Emergency Medicine, Neurology, Anesthesiology",high,Level 2,True,51,True,694,611,88.04,164,high,4,11,alert,8,4,17,https://www.sunrisehospital.com,Public Hospital Directories,2026-04-25T09:53:14.090751,0.95,0,low,
HOSP-USA-00280,Oregon Health & Science University Hospital,Portland,Oregon,USA,45.4987,-122.6844,"Pediatrics, Ophthalmology, Surgery",medium,Level 2,True,40,True,576,391,67.88,48,medium,3,21,normal,7,7,29,https://www.ohsu.edu,Public Hospital Directories,2026-04-25T02:53:14.090824,0.95,3,low,
HOSP-USA-00281,Legacy Emanuel Medical Center,Portland,Oregon,USA,45.538,-122.6681,"Internal Medicine, Anesthesiology, Obstetrics",high,Level 1,True,35,True,554,460,83.03,195,critical,3,17,normal,8,6,33,https://www.legacyhealth.org/emanuel,Public Hospital Directories,2026-04-24T05:53:14.090900,0.95,0,low,
HOSP-USA-00282,University of Minnesota Medical Center,Minneapolis,Minnesota,USA,44.9716,-93.2343,"Gynecology, Orthopedics, Surgery, Ophthalmology",high,Level 2,True,46,True,804,558,69.4,55,medium,5,16,normal,9,8,42,https://www.mhealth.org,Public Hospital Directories,2026-04-25T06:53:14.090976,0.95,1,medium,
HOSP-USA-00283,Abbott Northwestern Hospital,Minneapolis,Minnesota,USA,44.9493,-93.2529,"Obstetrics, Orthopedics, Neurology",critical,Level 2,True,66,True,673,450,66.86,66,high,4,9,normal,10,7,45,https://www.allinahealth.org/abbott-northwestern-hospital,Public Hospital Directories,2026-04-24T07:53:14.091061,0.95,3,low,
HOSP-USA-00284,Hennepin Healthcare,Minneapolis,Minnesota,USA,44.9773,-93.2633,"Cardiology, Radiology, Psychiatry",high,Level 2,True,64,True,471,376,79.83,59,medium,3,11,normal,7,7,34,https://www.hennepinhealthcare.org,Public Hospital Directories,2026-04-24T10:53:14.091136,0.95,1,low,
